александр,126139
николай,107848
иван,90558
сергей,89541
владимир,79927
михаил,67395
василий,65332
елена,62796
татьяна,61620
алексей,58992
андрей,55285
наталья,51553
ольга,51297
дмитрий,51238
мария,47990
виктор,47988
анна,45313
ирина,42388
светлана,41107
валентина,39438
юрий,36945
петр,36886
людмила,34783
анатолий,34650
галина,33671
павел,32373
игорь,30299
нина,30040
евгений,29261
олег,26154
екатерина,25784
надежда,24925
александра,22195
валерий,21805
вера,20302
виталий,19880
марина,19434
тамара,17868
григорий,17751
федор,17375
любовь,17243
борис,17057
геннадий,16997
юлия,16955
леонид,16729
константин,16723
лидия,16011
вячеслав,14572
антонина,14055
анастасия,13988
оксана,13683
лариса,13027
зинаида,12339
георгий,11872
денис,11158
валентин,10917
клавдия,10758
максим,10651
евгения,10220
вадим,10171
алла,9451
раиса,9302
зоя,8619
роман,8445
илья,8440
руслан,8383
инна,7840
наталия,7493
евдокия,7295
виктория,7181
степан,6928
семен,6511
антон,6437
лилия,6360
эдуард,6085
станислав,5910
жанна,5820
яков,5429
елизавета,5173
аркадий,4524
владислав,4489
маргарита,4072
артем,3729
кирилл,3720
егор,3683
артур,3632
таисия,3267
пелагея,3106
эльвира,3102
прасковья,3048
марат,2984
альберт,2967
олеся,2944
лев,2924
альбина,2915
ильдар,2728
вероника,2716
ксения,2698
иосиф,2575
тимофей,2569
алеся,2402
варвара,2301
софия,2259
ринат,2197
полина,2184
алина,2182
дарья,2105
римма,1999
рустам,1994
гульнара,1942
регина,1913
анжела,1882
вениамин,1869
рустем,1858
роза,1832
софья,1785
радик,1778
анжелика,1762
александ,1720
алевтина,1700
рамиль,1645
алена,1639
гузель,1631
серафима,1617
афанасий,1609
янина,1588
инесса,1527
ираида,1506
никита,1457
кристина,1405
диана,1396
филипп,1396
фаина,1385
ефим,1373
азат,1321
тимур,1310
айрат,1307
дина,1295
яна,1252
айгуль,1235
кузьма,1221
валерия,1195
пётр,1146
альфия,1143
герман,1142
роберт,1077
алексанр,1006
иннокентий,989
нелли,985
дамир,979
матрена,973
ильшат,972
ярослав,950
наиль,936
матвей,917
ядвига,903
инга,881
ефросинья,851
салават,848
шамиль,838
айдар,826
тихон,825
ульяна,821
зульфия,805
майя,795
венера,793
ильгиз,792
глеб,764
данил,751
всеволод,741
равиль,732
ришат,730
митрофан,725
рита,721
ангелина,720
клара,705
марк,697
гульназ,683
гавриил,682
генрих,669
снежана,663
даниил,663
эльза,657
эльмира,656
гаврил,652
марсель,644
фарит,643
тереса,637
рафаэль,633
ирек,631
данута,619
илона,615
леонтий,608
казимир,604
алия,600
азамат,597
рашит,595
марфа,584
чеслав,580
таиса,575
серафим,574
святослав,564
капиталина,562
элла,560
рим,549
августа,541
станислава,540
ян,539
элина,532
лиана,530
анфиса,529
ильнур,525
ростислав,522
ильдус,520
тагир,518
таисья,510
ренат,504
зиля,502
кира,491
анвар,489
тадеуш,480
элеонора,478
захар,474
эмма,469
прокопий,463
алик,463
трофим,461
динара,461
эмилия,460
наиля,449
давид,448
арсений,440
никифор,430
магомед,425
леокадия,425
динар,424
стефан,420
камиль,410
феликс,406
венер,406
розалия,404
артём,399
булат,394
альмира,392
раис,390
ибрагим,382
адам,380
капитолина,378
франц,377
нинель,376
виолетта,375
парасковья,370
раиль,366
ванда,362
алефтина,362
тарас,356
бронислав,355
руфина,355
нонна,354
мансур,353
альфред,351
вацлав,349
абрам,347
рафаил,345
ирена,343
марианна,342
риф,342
генадий,341
фаниль,340
моисей,339
гульшат,339
карина,338
люция,336
луиза,332
викентий,330
савелий,326
лия,325
гелена,322
лина,321
мечислав,319
фёдор,318
марьян,312
земфира,310
фанис,308
ильяс,307
антонида,305
богдан,304
арсентий,304
зуфар,300
рашид,298
ида,298
анисья,293
игнат,291
алмаз,290
исаак,290
пантелей,287
глафира,282
лена,282
ким,281
хамит,280
ахмет,279
ева,278
валерьян,277
абдулла,276
галия,275
рима,272
алсу,269
зиновий,268
марс,268
рафис,266
игнатий,261
степанида,258
али,258
прокофий,258
зухра,257
илларион,256
ильмир,255
резеда,254
герасим,253
гюзель,249
хасан,249
макар,248
рудольф,247
флюра,247
талгат,243
урал,243
бронислава,242
рафик,242
агафья,241
федосья,241
фарида,241
агриппина,240
эльдар,239
аграфена,239
юлий,239
ляйсан,238
алиса,237
ирик,235
арсен,234
неля,234
ромуальд,231
арина,228
наум,227
амир,223
демьян,221
родион,221
ия,221
агния,220
чеслава,217
виль,217
апполинария,216
адольф,213
рамиля,213
флюр,213
аким,212
валериан,212
лазарь,209
олимпиада,208
октябрина,206
василиса,205
ахат,204
лира,203
нурия,201
лейсан,199
гурий,199
ахмед,199
павла,198
павлина,198
муза,196
эмиль,196
владислава,193
марта,193
эдвард,192
махмут,192
армен,192
радмир,192
витольд,190
аида,188
асхат,184
рустэм,183
харис,182
рамазан,182
эрик,182
самуил,182
ашот,180
габдулла,180
тереза,179
ильмира,178
артемий,178
лаврентий,178
рауф,178
лада,175
дилара,175
емельян,173
альфира,173
рената,172
закир,172
афонасий,171
спартак,170
юлиана,168
расим,168
леонарда,167
сабина,167
касим,165
мунир,165
ильфат,164
асия,164
султан,164
владлен,163
расима,162
леонард,160
резида,159
арнольд,159
ася,159
ананий,158
терентий,158
мидхат,156
салих,156
нэля,156
лука,155
фекла,155
аксана,153
федосия,153
болеслав,152
гузалия,151
леон,151
юзефа,150
неонила,150
марьям,150
мира,149
христина,149
леонида,148
рамзия,148
владилен,147
фатима,147
евстафий,147
исмагил,147
карл,146
исмаил,146
ислам,145
зайтуна,144
фарид,144
илдар,144
хамза,142
фания,142
сабир,142
гали,140
алёна,140
линар,139
ханиф,138
акулина,138
миляуша,137
сагит,137
раушания,137
рифкат,137
нэлли,137
юзеф,137
сурен,137
эрнест,135
танзиля,134
карп,133
хайдар,133
мирослав,133
никандр,133
федот,132
эвелина,132
шакир,131
рида,131
галимзян,131
сания,130
сулейман,129
дора,129
евдоким,128
виталия,128
лилиана,128
нелля,128
мирон,127
лейла,127
андриан,127
вагиз,127
самвел,127
руслана,126
айсылу,125
генрик,125
заки,125
нурулла,125
исхак,124
фома,124
аниса,123
гариф,123
рахиль,123
винер,123
мая,123
мурат,122
данис,122
амина,122
соломон,121
калерия,121
данила,120
ляля,119
рубен,119
израиль,118
рашида,118
сусанна,118
агрипина,118
арон,117
спиридон,117
клавдий,117
зинур,116
архип,116
гаяз,115
гульсина,114
манефа,114
расул,114
поликарп,114
альфир,114
ленар,113
раиля,113
порфирий,112
фатых,111
рафаиль,111
эльвир,110
ефрем,110
феодосия,110
платон,110
муса,109
айнур,109
мефодий,109
мударис,109
юсуп,108
анисим,108
семён,108
разиля,108
ада,108
гульфия,107
файзрахман,107
мухамет,106
васса,106
зульфира,106
мадина,105
акрам,105
флюза,105
евстолия,104
нафиса,104
феодосий,104
люцина,104
тахир,104
фрида,103
абдул,103
искандер,103
карен,103
сарра,102
белла,102
мухамед,102
харитон,102
зарема,102
хусаин,101
маина,101
фидан,101
халил,101
фаиль,101
ефросиния,101
индира,101
рахим,100
филюс,100
владимр,100
ромуальда,99
федора,99
ильгам,99
лиля,99
изабелла,98
фрол,98
гумар,98
илшат,98
зиннур,98
вита,98
мустафа,97
гульчачак,97
гульнур,97
давыд,97
пантелеймон,97
нияз,97
фагим,97
галим,96
ариадна,96
василь,96
гумер,96
рифат,96
ира,96
назар,95
карим,95
зимфира,95
люся,94
стелла,94
венедикт,94
малик,94
арам,93
левон,93
загит,92
идрис,92
исай,92
назип,92
берта,91
рузиль,91
фатих,91
анас,91
евсей,91
назир,91
усман,90
ричард,90
наил,90
агзам,90
альвина,90
рамис,90
хаким,89
юнус,89
абдулхак,89
хабибулла,89
марьяна,89
августина,88
авенир,88
устинья,87
зофия,87
самат,87
рушан,86
ахнаф,86
асгат,86
насима,86
ирма,86
халим,86
жан,86
газиз,86
прохор,85
юлай,85
рышард,85
домна,85
мухтар,85
лукерья,84
нил,84
эльмир,84
эсфирь,84
салим,84
юнир,83
диляра,83
якуб,83
закий,83
гусман,83
снежанна,83
идея,83
каролина,83
масгут,82
искандар,82
нургали,82
габдрахман,82
василина,82
аслан,82
камил,82
аза,81
эльвина,81
радион,81
ильфир,81
мурад,81
саркис,81
файруза,80
рада,80
самигулла,80
абдрахман,79
меланья,79
жанетта,79
махмуд,79
залия,79
ахтям,79
нестер,79
альмир,78
андриян,78
мирослава,78
ралиф,78
леся,78
фларит,78
злата,77
вечеслав,77
нелла,77
феоктиста,76
гражина,76
агафия,76
габдулхак,76
габдулхай,76
ильвир,75
алесандр,75
зарина,75
зинфира,75
шариф,75
мунира,75
халит,74
дания,74
мальвина,74
сергеи,74
никонор,74
оскар,73
алимпиада,73
анжелла,73
славомир,73
рамиз,73
зайнулла,73
алекандр,73
осип,72
дмирий,72
заур,72
просковья,72
радмила,72
фуат,72
климентий,72
александрович,72
людвиг,72
аэлита,72
рузиля,71
рафкат,71
фануза,71
геновефа,71
бари,70
гертруда,70
владимирович,70
гаджи,70
адель,70
назим,69
радий,69
казбек,69
альфина,69
василя,69
рафиль,69
зенон,69
кирил,68
курбан,68
анисия,68
рифгат,68
дамира,68
эдмунд,68
мазит,67
ильвира,67
ярослава,67
саид,67
стефания,67
лукьян,67
флорид,67
рамил,66
фаузия,66
хафиз,66
август,66
капитон,66
пелогея,66
гайса,65
раида,65
халида,65
гурген,65
алиция,65
аскар,64
айно,64
тигран,64
ван,64
юлиан,64
савва,64
акоп,64
хабиб,64
габбас,63
фанзиль,63
фридрих,63
диля,63
шавкат,63
нагим,63
вартан,63
ариф,63
рэм,63
вилен,63
закария,63
хайрулла,63
сара,63
карапет,62
димитрий,62
нурислам,62
фадей,62
сабит,62
иса,62
фанур,62
нариман,62
арутюн,62
абдулхай,62
гузелия,62
здислав,62
илдус,62
куприян,61
светослав,61
ревекка,61
юльян,61
хамзя,61
рина,61
умар,61
измаил,61
исак,61
юлианна,60
феофан,60
гагик,60
зифа,60
гафур,60
модест,60
милана,60
шарифулла,60
елисей,60
франтишка,59
леонора,59
сидор,59
зариф,59
алим,59
разида,59
галимьян,59
аделя,59
виталина,59
изольда,59
эдгар,59
омар,58
рауза,58
мирза,58
рушания,58
андраник,58
наташа,58
иршат,58
ганна,58
петимат,58
вацлава,58
агнесса,58
райса,58
гарифулла,58
рамзиль,58
рахимзян,57
рузалия,57
расуль,57
вали,57
гульсум,57
раушан,57
хамид,57
фаиз,57
рауль,57
фирдаус,57
ксенья,56
флорида,56
ильсур,56
филимон,56
тареса,56
магсум,56
серегей,56
оганес,56
фанил,56
аделаида,56
эрнст,56
чулпан,56
аглям,55
изосим,55
милица,55
рива,55
ефимия,55
тересса,55
рувим,54
сима,54
ризван,54
парфирий,54
ульфат,54
вильдан,54
касым,54
милена,54
трифон,54
арменак,53
клим,53
явдат,53
геворг,53
назиф,53
кондратий,53
вахтанг,53
алан,53
вальдемар,53
ильгизар,53
мечеслав,53
разиф,52
влас,52
зия,52
грант,52
леонила,52
ранис,52
минзиля,52
галей,52
назия,52
фаат,52
ленина,52
тимергали,52
нила,51
аршак,51
назира,51
виссарион,51
тимерхан,51
аполинария,51
ион,51
эллина,51
орест,51
нурмухамет,51
арслан,51
загир,51
адгам,51
хаим,51
аксинья,51
бахтияр,51
разия,50
ювеналий,50
ратмир,50
вагиф,50
вакиль,50
мелания,49
каюм,49
феоктист,49
влада,49
набиулла,49
вахит,49
яхия,49
сария,49
элиза,49
равил,49
гордей,49
иннеса,49
катерина,48
зигмунд,48
симон,48
эрика,48
ермолай,48
фатыма,48
хачатур,48
сталина,48
эрна,47
рафит,47
ильнар,47
барый,47
амалия,47
антоний,47
калимулла,47
андроник,47
эммануил,47
самсон,47
ипполит,47
абузар,47
мубарак,47
стефанида,47
закия,47
гусейн,47
ризида,47
саит,47
кадыр,46
нафис,46
фаниса,46
алишер,46
абдула,46
зураб,46
никодим,46
муслим,46
эдик,46
аля,46
илгиз,46
рем,46
хатмулла,46
музагит,46
винера,46
райля,46
раил,46
хельми,45
ахмадулла,45
владлена,45
дана,45
ляйля,45
забир,45
хая,45
геня,45
лейсян,45
слава,45
ровшан,45
галимулла,45
леван,45
бэлла,45
алексадр,44
шарифьян,44
маркс,44
христофор,44
леопольд,44
минулла,44
нэлля,44
сабирзян,44
гильмутдин,44
кабир,44
салима,44
феофания,44
шагит,43
хана,43
гасан,43
никон,43
гульфира,43
евграф,43
линара,43
лолита,43
хачик,43
сабирьян,43
лиза,43
янис,43
вугар,43
маркел,43
милитина,43
аделина,43
миниахмет,42
мина,42
осман,42
финат,42
мамед,42
генриетта,42
томара,42
анджей,42
райхана,42
гайк,42
алексндр,42
мулланур,42
леля,41
михайл,41
фанзиля,41
нэлла,41
надир,41
соня,41
сильва,41
вардан,41
сайфулла,41
масхут,41
гамлет,41
вилена,41
радис,41
рафгат,41
кронид,41
анис,41
халима,40
фазыл,40
серегй,40
расих,40
зульфат,40
фаниля,40
анрей,40
мстислав,40
магомет,40
газинур,40
амин,40
гурьян,40
анвер,39
гарик,39
файзулла,39
варис,39
донат,39
найля,39
шайхулла,39
галий,39
раян,39
залифа,39
раиф,39
лида,39
зинфир,39
аполлинария,39
феня,39
ильхам,39
фархад,39
азалия,39
дим,38
гузаль,38
альфреда,38
гений,38
ваган,38
януш,38
фидрат,38
максут,38
асланбек,38
гульнар,38
гарри,38
фируза,38
зайнаб,38
гаян,38
генрика,38
юсуф,38
фаяз,38
алескандр,38
антонин,38
фоат,38
анзор,38
хази,37
гайнулла,37
лутфулла,37
евлампий,37
вазых,37
суфия,37
дарина,37
шота,37
клеопатра,37
агрепина,37
казимира,37
инсаф,37
макс,37
войтех,36
еремей,36
энгельс,36
эльмар,36
гелий,36
татьна,36
сафа,36
абдурахман,36
акиф,36
назиб,36
радиф,36
рустям,36
жорж,36
тойво,36
халиулла,36
вольдемар,36
зиннат,36
сафуан,36
шамил,35
карам,35
фануз,35
флорит,35
ярулла,35
джамиля,35
таьяна,35
фаня,35
натан,35
галинур,35
эльхан,35
анита,35
никанор,35
кондрат,35
эдита,35
шарип,35
магдалина,35
корней,35
фларид,35
хатип,35
арарат,35
вальтер,35
ахмад,35
башир,35
расиль,35
самир,35
фаил,34
екатирина,34
гильмулла,34
хуснулла,34
разина,34
рахматулла,34
шалва,34
фидаиль,34
дильбар,34
хурмат,34
ралия,34
хадича,34
васил,34
ангам,34
марзия,34
вераника,34
анфиза,34
чингиз,34
вил,34
айвар,34
радислав,34
даниль,34
иванна,34
ришард,34
вазген,34
альфрит,34
владик,34
мартин,34
камал,34
елизар,34
генриэтта,33
илнур,33
муллаян,33
барий,33
эльфрида,33
абонент,33
васим,33
владмир,33
тимербай,33
рифхат,33
загидулла,33
альбин,33
ирэна,33
альтаф,33
равис,33
артак,33
ануза,33
фанус,33
сегей,33
сафиулла,33
лемби,33
зосим,33
ямиль,33
павлин,33
равиля,32
хамидулла,32
демид,32
мунавир,32
хабибрахман,32
халяф,32
фавзия,32
франтишек,32
риза,32
тамила,32
аскольд,32
аяз,32
веслав,32
якуп,32
анджела,32
киям,32
шаукат,32
зугра,32
саида,32
харлампий,32
амаяк,32
эйно,32
замира,32
миргасим,32
григор,32
матильда,32
динис,32
азер,31
ануфрий,31
надия,31
кашаф,31
гарай,31
лола,31
божена,31
виолета,31
хильма,31
ежи,31
дмитирий,31
рахима,31
юрис,31
ксенофонт,31
разиль,31
аполлон,31
евлампия,31
залман,31
харитина,31
дементий,31
савия,31
камилла,30
зилия,30
сайма,30
кутдус,30
илюза,30
салихзян,30
африкан,30
рахимьян,30
разалия,30
сагидулла,30
гиният,30
замир,30
жаннета,30
евфалия,30
насим,30
тельман,30
лора,30
афанасия,30
лаура,30
федосий,30
аврам,30
хабир,30
нана,30
сейран,30
бернарда,29
савватий,29
юрии,29
гаяне,29
сазида,29
альфат,29
реня,29
устин,29
май,29
феодора,29
билал,29
нона,29
вильгельм,29
азиз,29
мунавара,29
гайфулла,29
иоланта,29
мазгар,29
равшан,29
фидус,29
аделия,29
бэла,29
видади,29
эдуарт,29
рая,29
гюльнара,29
мариана,29
муллахмет,29
илюс,29
тимерьян,29
талип,28
франя,28
арташес,28
циля,28
ильсияр,28
меркурий,28
кадир,28
гульдар,28
анур,28
збигнев,28
айли,28
флида,28
эльман,28
флюс,28
тофик,28
захарий,28
анар,28
дорофей,28
анеля,28
амирзян,28
таймураз,28
айдын,28
бадма,28
сократ,28
гарник,28
динислам,28
алек,28
ахсан,28
араик,28
миргазиян,28
энвер,28
эра,28
мират,28
ленара,27
авраам,27
румия,27
губайдулла,27
миннулла,27
екатарина,27
мартын,27
леонтина,27
лея,27
зара,27
елизовета,27
гамир,27
манвел,27
тина,27
ерванд,27
арман,27
аксан,27
гани,27
яхья,27
минислам,27
ваха,27
геворк,27
наби,27
амбарцум,27
татаьяна,27
сегрей,27
ирья,27
томаш,27
валей,27
крестина,27
рамзиля,27
малика,27
гиндулла,27
шакур,27
филарет,27
свелана,27
иринья,27
октябрь,27
габидулла,27
ираклий,27
расиля,27
даниэль,26
магафур,26
зиновия,26
зулейха,26
марлен,26
вахид,26
шухрат,26
федосей,26
параскева,26
эльвера,26
дмиртий,26
конкордия,26
насибулла,26
майа,26
фелиция,26
байрам,26
вячаслав,26
накип,26
бася,26
ягафар,26
ильгар,26
имам,26
гарегин,26
шафик,26
рабига,26
сахиб,26
муллагали,26
авдей,26
айбулат,26
абубакир,26
аскер,26
адик,26
адиля,26
валерик,26
аверьян,26
залина,26
эльшан,26
вагаршак,26
фагима,26
рахиля,26
магира,25
алихан,25
ритта,25
мажит,25
нур,25
газим,25
баян,25
витаутас,25
воля,25
лукман,25
заурбек,25
юля,25
алфей,25
фидарис,25
ракия,25
иветта,25
разим,25
халид,25
минигали,25
владилена,25
асадулла,25
ефалия,25
галиахмет,25
алекснадр,25
адрей,25
ульян,25
мамикон,25
ильфак,25
рашад,25
сеогей,25
ахмат,25
нуриахмет,25
палина,25
александрина,25
гарий,25
мусса,25
рафида,25
галактион,25
никит,24
хильда,24
луция,24
мохаммад,24
сафрон,24
биктимир,24
дария,24
узбек,24
мубаракша,24
гюзелия,24
ляйсян,24
габит,24
мехман,24
натиг,24
карине,24
камо,24
рузанна,24
дмитрии,24
зузанна,24
мисбах,24
аршалуйс,24
рюрик,24
венидикт,24
лейля,24
алесей,24
яшар,24
айзик,24
умяр,24
адип,24
рахман,24
сюзанна,24
ханифа,24
людвига,24
кадрия,24
газизян,24
минигуль,24
хусейн,23
баграт,23
гузэль,23
салман,23
эльнур,23
фирдавис,23
ансар,23
галиулла,23
асиф,23
давлет,23
разит,23
бернард,23
шайдулла,23
эмануил,23
садык,23
эльчин,23
васима,23
аюп,23
гиви,23
эмин,23
ованес,23
жора,23
эйла,23
мендель,23
геноэфа,23
викторина,23
муртаза,23
гарафутдин,23
арут,23
айказ,23
мариам,23
кави,23
парфен,23
назифа,23
флора,23
фларида,23
илхам,23
магамед,23
халиль,22
петрос,22
рашат,22
анжелина,22
вафа,22
муся,22
сафар,22
мин,22
разифа,22
кашиф,22
фаик,22
саубан,22
арий,22
миргалим,22
хакимулла,22
отари,22
арвид,22
валиахмет,22
аминат,22
фидалия,22
батыр,22
амиран,22
данияр,22
суфиян,22
хамат,22
эля,22
апполон,22
влдаимир,22
меер,22
раиза,22
минзифа,22
ваграм,22
минна,22
мингали,22
федр,22
олена,22
фаиг,22
нурихан,22
камила,22
гульчира,22
карима,22
леонилла,22
люза,22
алексендр,22
вакил,22
физули,22
гита,22
беслан,22
татяна,22
эстер,22
аслям,22
таслима,22
завен,22
мирзагит,22
филюз,22
мияссар,22
изот,22
фанир,22
нигматулла,22
николаевич,22
киприян,22
хава,22
хамзат,22
нинэль,22
вазих,22
анфия,22
басыр,22
гафият,22
израил,22
зарифулла,22
мизхат,21
имамутдин,21
ара,21
потап,21
алимпий,21
сабира,21
хаджимурат,21
гульфина,21
руф,21
хатып,21
айна,21
мисак,21
ермил,21
герш,21
гарифзян,21
алесь,21
фира,21
халиса,21
ринад,21
калистрат,21
нуртдин,21
фатхулла,21
рихард,21
альфонс,21
варфоломей,21
шайхи,21
габдрауф,21
варужан,21
гата,21
гегам,21
мохамад,21
энгель,21
октай,21
габдулахат,21
зиннатулла,21
нурлыгаян,21
агафон,21
рейно,21
ниль,21
зенфира,21
мингалей,21
фларис,21
габдрахим,20
зелимхан,20
гамид,20
файруз,20
сетлана,20
тит,20
федос,20
любомир,20
фарзана,20
таскира,20
бадри,20
хатима,20
нестор,20
даут,20
анастасий,20
линда,20
лейб,20
каринэ,20
пимен,20
ильгиза,20
михей,20
илюса,20
густав,20
гильман,20
новомир,20
радим,20
ливерий,20
мелик,20
салях,20
людвик,20
джамиль,20
алида,20
юдифь,20
тенгиз,20
агарон,20
илгар,20
даян,20
тауфик,20
люмила,20
акиндин,20
рамин,20
апполинарий,20
димтрий,20
нажия,20
мусагит,20
хазби,20
асма,20
эраст,19
эллада,19
гибадулла,19
галя,19
зайдулла,19
галимхан,19
ильфира,19
тхи,19
грачик,19
феликса,19
галима,19
хасян,19
бибинур,19
констатин,19
рауфа,19
адиль,19
миля,19
вачаган,19
кадим,19
амур,19
амирьян,19
гарей,19
закирьян,19
виленин,19
эркин,19
маснави,19
шаген,19
хай,19
размик,19
теймураз,19
люзия,19
кима,19
бахтиер,19
гулия,19
мнацакан,19
абрар,19
салимьян,19
рафиг,19
эльнара,19
файзи,19
панфил,19
илгам,19
гузяль,19
ника,19
саргис,19
лера,19
хамида,19
селиверст,19
анаит,19
фидель,19
нигмат,19
разима,19
фарук,19
рагим,19
вакиф,19
серго,19
сослан,19
мухаррам,19
нагимулла,19
валетина,19
натлья,19
мухаматнур,19
фатина,19
венир,18
сарвар,18
глюза,18
вагинак,18
энже,18
низами,18
хурматулла,18
мусавир,18
теодор,18
имаметдин,18
шамсутдин,18
альфис,18
махир,18
маиса,18
фанзил,18
маис,18
ханафи,18
норайр,18
ахияр,18
виола,18
томас,18
гия,18
инеса,18
наира,18
агей,18
абзал,18
евстигней,18
назиля,18
джамал,18
шакирзян,18
володя,18
гайша,18
фанит,18
пелагия,18
ригина,18
филия,18
фуад,18
люба,18
гаврила,18
баязит,18
олга,18
руфат,18
мила,18
мубариз,18
мубаракзян,18
гоча,18
стасис,18
мушег,18
габил,18
фина,18
джульетта,18
накия,18
мухарам,18
чермен,18
нажмудин,18
аскат,18
рахимулла,18
зинат,18
рафаель,18
азгар,18
серей,18
искра,18
закуан,18
фарис,18
нателла,18
геральд,18
климент,18
нургалей,18
абдулахат,18
александровна,18
арташ,18
валиулла,18
эльбрус,18
зина,18
мир,18
зарима,18
алдександр,18
нури,18
мавлет,18
райфа,18
валериян,17
темур,17
азад,17
фарваз,17
алимжан,17
магдан,17
гера,17
абдулкадир,17
гайнислам,17
вильям,17
альфрид,17
георг,17
яким,17
сигизмунд,17
ляна,17
александор,17
ахун,17
фирс,17
минниахмет,17
мирзаян,17
завдат,17
салимзян,17
корнил,17
алксандр,17
азарий,17
сакина,17
славик,17
светалана,17
адил,17
закарья,17
фейга,17
исрафил,17
ионас,17
алмас,17
даши,17
арифулла,17
тадэуш,17
магинур,17
ахметзия,17
дануся,17
дмтрий,17
гизар,17
рафил,17
инзиля,17
фаттах,17
мартемьян,17
русалина,17
ашраф,17
богдана,17
рена,17
ваник,17
адриан,17
валерии,17
андрис,17
зайнетдин,17
бакир,17
августин,17
муллахан,17
градислава,17
айк,17
насиб,17
шарафутдин,17
зайнап,17
джабраил,17
мавлют,17
минибай,17
айслу,17
низам,17
нурлан,17
юрик,17
захид,17
роланд,17
айса,17
хуснутдин,16
назиба,16
автандил,16
тимербулат,16
зинатулла,16
володар,16
евгенья,16
шайхутдин,16
фаягуль,16
каусар,16
хади,16
вячеславович,16
песя,16
рузана,16
тариел,16
патимат,16
анлрей,16
джафар,16
бениамин,16
мохамед,16
гайнетдин,16
мухамат,16
хакимьян,16
тойни,16
шарипзян,16
севастьян,16
фан,16
сюльви,16
нуриман,16
вэй,16
янна,16
миннахмет,16
тамази,16
шахин,16
ильвер,16
аюб,16
ишбулды,16
сильвия,16
рафина,16
ахсарбек,16
теймур,16
хайбулла,16
хамис,16
анаида,16
салех,16
вилия,16
алфия,16
ризатдин,16
фируз,16
гоар,16
доржи,16
cергей,16
филат,16
фархат,16
вараздат,16
шафигулла,16
полинария,16
равия,16
анастас,16
сережа,16
мгер,16
ален,16
аббас,16
рамзан,16
радомир,16
мухаметдин,16
алибек,16
магомедрасул,16
реваз,16
заира,16
октябрин,16
серге,16
седрак,16
солтан,16
гергий,16
гайнутдин,16
игрь,15
керим,15
фаткулла,15
мануил,15
аминя,15
нугзар,15
альвира,15
имран,15
паша,15
лайсан,15
эвальд,15
гафар,15
амирхан,15
фаима,15
аристарх,15
зиятдин,15
сайфутдин,15
фаварис,15
динаида,15
мансаф,15
геноефа,15
козьма,15
костантин,15
фиргат,15
хадый,15
альфит,15
нурсиля,15
абас,15
вагап,15
халимулла,15
котдус,15
хусяин,15
нионила,15
радмил,15
артуш,15
айтуган,15
фердаус,15
рушана,15
зяма,15
габдульбар,15
лана,15
аббяс,15
насир,15
ягфар,15
ханна,15
ерена,15
андреян,15
зилара,15
аександр,15
асаф,15
рузель,15
флюз,15
лавр,15
курбангали,15
арзу,15
милия,15
шарифзян,15
данир,15
епифан,15
рома,15
закиулла,15
магруф,15
гаянэ,15
руфима,15
арефий,15
хорен,15
рафат,15
иринарх,15
рудик,15
целина,15
нуритдин,15
кирам,15
аурика,15
адександр,15
ахматзия,15
есения,15
ерофей,15
рамзил,15
рафаел,15
маланья,15
гульмира,15
адиб,15
зося,15
минас,15
нурания,15
аксентий,15
инэсса,15
рафаэл,15
намик,15
лениза,15
гриша,15
мэри,14
иза,14
интерна,14
новруз,14
гендрик,14
асламбек,14
нурутдин,14
тамерлан,14
джон,14
идият,14
виллен,14
таир,14
магеррам,14
миннахмат,14
антип,14
альгимантас,14
фердинанд,14
валенитина,14
жанета,14
винир,14
мугалим,14
тимерзян,14
аветис,14
аветик,14
логин,14
фатех,14
гела,14
цецилия,14
саак,14
роксана,14
аршавир,14
илюся,14
гурам,14
джавид,14
марко,14
лемпи,14
абудар,14
гранит,14
платонида,14
шаех,14
юсиф,14
маским,14
земфир,14
вульф,14
артавазд,14
стэлла,14
магасум,14
даша,14
виргиния,14
ралина,14
жавдат,14
гликерия,14
минзаля,14
насых,14
этибар,14
хайрутдин,14
минь,14
александров,14
рамзи,14
фаим,14
абросим,14
алексанлр,14
анета,14
вдадимир,14
галихан,14
раджаб,14
зимфир,14
анфиноген,14
милентий,14
анушаван,14
милан,14
алексаей,14
зинира,14
алекей,14
абакар,14
миниса,14
людвика,14
фидаил,14
рафхат,14
шагидулла,14
омари,14
тансылу,14
гамиль,14
камиля,14
контантин,14
нино,14
олия,14
равкат,14
филарит,14
меружан,14
алекс,14
гульназира,14
мифодий,14
маким,14
северьян,13
вели,13
адлан,13
феона,13
нефед,13
изида,13
гатуф,13
лео,13
мордух,13
мкртич,13
виорика,13
овик,13
фадис,13
асмик,13
фанира,13
шакирьян,13
милауша,13
альма,13
миннур,13
ильсеяр,13
халик,13
джанна,13
автоном,13
фазил,13
муллахмат,13
фахрислам,13
абдрахим,13
айша,13
айшат,13
салихьян,13
джалиль,13
викторин,13
исидор,13
виринея,13
серапион,13
фирдус,13
хатира,13
броня,13
владиимр,13
оник,13
насыр,13
джемма,13
икрам,13
галуст,13
джейхун,13
алий,13
дык,13
зельда,13
ханяфи,13
михайло,13
мирзанур,13
светлан,13
фирюза,13
насих,13
адельша,13
каниф,13
альфинур,13
акилина,13
ишхан,13
июлия,13
рукия,13
рифа,13
сеймур,13
дауд,13
габделхай,13
тофиг,13
антанина,13
хилья,13
руза,13
нинел,13
абдрашит,13
веслава,13
тимирьян,13
илонна,13
седа,13
ануш,13
минихан,13
филюза,13
граф,13
флиза,13
армаис,13
лили,13
кир,13
миропия,13
грач,13
радж,13
зотей,13
шахбан,13
галяутдин,13
шамгун,13
бабкен,13
бато,13
тятьяна,13
равгат,13
факия,13
ильфар,13
севда,13
талха,13
ахметгали,13
валентиновна,13
равза,13
мхитар,13
дамба,13
олесь,13
мери,13
моника,13
хаммат,13
зайтун,13
грета,13
альгис,13
розалина,13
миргаяз,13
мустаким,13
ардалион,12
замиль,12
клариса,12
ильвера,12
рема,12
масалим,12
шахлар,12
авксентий,12
исса,12
абу,12
мазахир,12
зиновей,12
ольгерд,12
гатаулла,12
гульнас,12
адия,12
мугаллим,12
наиб,12
валинур,12
фаргат,12
герта,12
венира,12
фанави,12
закира,12
аревик,12
флера,12
эльма,12
хакима,12
гонората,12
манук,12
блюма,12
асет,12
цицилия,12
ришад,12
фидай,12
миннияр,12
надежа,12
арамаис,12
вячелав,12
люсьена,12
ясон,12
мухлис,12
ракип,12
шая,12
гай,12
нурдида,12
мархаба,12
разил,12
алевтин,12
ахметхан,12
сагир,12
самик,12
низамутдин,12
апполинари,12
лель,12
авхат,12
аврора,12
карлен,12
эдвин,12
валех,12
элен,12
ахняф,12
бахрам,12
виля,12
фариза,12
минахмет,12
азрет,12
эльшад,12
мутагар,12
влерий,12
аклима,12
халед,12
егений,12
мавлида,12
лима,12
миннегали,12
идиятулла,12
летфулла,12
минияр,12
агван,12
нелия,12
нататлья,12
вазир,12
намиг,12
абдурашид,12
мининур,12
алнксандр,12
вилорий,12
анастосия,12
альдона,12
алекасандр,12
фариз,12
михайил,12
идия,12
тагзима,12
фанзия,12
зульфир,12
айгюль,12
сажида,12
асият,12
хакимзян,12
анатолии,12
меджид,12
разяп,12
искак,12
азгат,12
нора,12
арби,12
эва,12
газизулла,12
жамиль,12
мингаз,12
зиатдин,12
габдрашит,12
севостьян,12
марсельеза,12
наина,12
шамси,12
ильмар,12
гилемхан,12
шлема,12
альбертина,12
денислам,12
занфира,12
рания,12
габдулбари,12
сурик,12
донара,12
виниамин,12
нафик,12
мартирос,11
зиновья,11
нажип,11
минсалих,11
барей,11
зария,11
ливия,11
марья,11
ириней,11
барбара,11
марьянна,11
алекасндр,11
фагиля,11
мириам,11
норик,11
сагид,11
болеслава,11
хася,11
фагит,11
алифа,11
багданур,11
ильзира,11
феодосья,11
иляна,11
гайнан,11
мирсаит,11
анатольевич,11
вольф,11
милада,11
абдулхаким,11
музип,11
ильнара,11
сунгат,11
минивали,11
араз,11
магомедшапи,11
погос,11
влентина,11
андрюс,11
борислав,11
богуслав,11
гаяс,11
минслу,11
тхань,11
талия,11
эльжбета,11
калина,11
арчил,11
цилия,11
зот,11
хассан,11
фруза,11
альфида,11
ли,11
смбат,11
алаудин,11
данат,11
минимулла,11
фарих,11
инокентий,11
гиниятулла,11
викторович,11
габдулбар,11
хузя,11
янош,11
джиганша,11
адалат,11
агапия,11
егише,11
муслима,11
настасья,11
элона,11
элионора,11
цырен,11
бела,11
миннехан,11
гасим,11
гирш,11
заза,11
валенина,11
агубе,11
файзулхак,11
алексаедр,11
срегей,11
лутфурахман,11
филицата,11
муршида,11
ибрахим,11
генриета,11
руфин,11
отар,11
базар,11
иоанна,11
арви,11
гильмитдин,11
мераб,11
мераби,11
валид,11
гильфан,11
гараф,11
сабухи,11
саша,11
зугура,11
эльфира,11
сафия,11
шаймулла,11
рафиля,11
лэй,11
хайретдин,11
милинтина,11
дагмара,11
розия,11
нуретдин,11
милявша,11
ипатий,11
ромазан,11
инара,11
нисон,11
илфат,11
бурхан,11
низаметдин,11
бурган,11
хиония,11
люциан,11
бейля,11
ролан,11
натик,11
илария,11
ектерина,11
казим,11
шаих,11
хазрет,11
давлетхан,11
мавляви,11
минниса,11
загид,11
ахметша,11
суло,11
рубин,11
зафар,11
мара,11
кашифа,10
касполат,10
лейзер,10
анелия,10
макка,10
шалико,10
лайла,10
маня,10
сагадат,10
рината,10
вилий,10
марван,10
васиф,10
хизри,10
бо,10
хабибула,10
валий,10
питирим,10
хашим,10
кнарик,10
астафий,10
валия,10
мариан,10
мавра,10
константинович,10
хидият,10
вадимир,10
кяшаф,10
шаварш,10
малка,10
макарий,10
ханафия,10
хадия,10
афанасья,10
аня,10
самоил,10
астхик,10
сабиржан,10
салихян,10
мамука,10
артурас,10
ашхен,10
констанин,10
вавил,10
райся,10
корюн,10
варсеник,10
инзиль,10
шапи,10
буда,10
владимимр,10
владимира,10
иона,10
салиха,10
казьма,10
беатриса,10
хасанзян,10
людимла,10
рафия,10
люциян,10
лали,10
асат,10
ирада,10
раймонд,10
ркия,10
хусен,10
хатиб,10
хусаен,10
кай,10
магданур,10
ренальд,10
растислав,10
ленария,10
хаматнур,10
мелкон,10
зорик,10
ситдик,10
иллария,10
сирануш,10
зумара,10
талиб,10
абдулгамид,10
фаррух,10
мираида,10
илиза,10
зарета,10
фарман,10
газима,10
нураддин,10
генуэфа,10
габделахат,10
абдуллах,10
физалия,10
насрулла,10
зарифа,10
шафкат,10
нурмагомед,10
алима,10
зелик,10
дия,10
даба,10
дмиртрий,10
амурхан,10
дмитий,10
миннигали,10
насретдин,10
ягуб,10
захир,10
миннигуль,10
миланья,10
миннихан,10
нурий,10
амирян,10
гульсира,10
натэлла,10
гульсара,10
эсмира,10
гильметдин,10
мовсес,10
гузеля,10
екаткрина,10
сахап,10
гимран,10
морис,10
жамиля,10
энгельсина,10
габиль,10
сусана,10
ювиналий,10
глюс,10
фаиля,10
аверкий,10
мугин,10
освальд,10
агнеса,10
эрих,10
сргей,10
эндже,10
мирхатим,10
гертруд,10
адис,10
саях,10
михалина,10
гульгина,10
мишель,10
забира,10
евлалия,10
мкртыч,10
евпраксия,10
изяслав,10
сахиулла,10
шейна,10
сибагат,10
ефимья,10
галентина,10
миндияр,10
нурфаяз,10
нагима,10
галиаскар,10
элена,10
зубайда,10
наполеон,10
ярославна,10
джамил,10
сетрак,10
минира,10
алескей,10
анатонина,10
александер,10
тимир,10
фахрази,10
фелицата,10
шарифян,10
алексанндр,10
фахретдин,10
сержик,10
дживан,10
янкель,10
зеновий,10
мухаметхан,10
марита,10
галимян,10
декабрина,10
феруза,10
зорина,10
марине,10
маркус,10
фокей,10
яша,10
сергеей,10
галлям,10
ильназ,10
нарине,10
нух,10
гарифьян,10
дамин,10
мухарям,10
наргиза,10
эдислав,10
марис,10
алексан,9
руфия,9
ислям,9
саима,9
ардашес,9
ниталья,9
михаэль,9
фалях,9
шмуль,9
нифантий,9
гамбар,9
гадиля,9
магомедгаджи,9
софрон,9
мадхат,9
агнея,9
ваге,9
идель,9
мубин,9
альгирдас,9
ефрасинья,9
глина,9
эсфира,9
афимия,9
суламифь,9
лотфулла,9
оьга,9
хан,9
саитгарей,9
отто,9
зита,9
сахаб,9
максум,9
магсумзян,9
фильза,9
цырендоржи,9
сайда,9
эдгард,9
иванович,9
гамзат,9
ануар,9
руфим,9
ибрай,9
сония,9
зубаир,9
фикрет,9
вардгес,9
гарафи,9
элдар,9
фаузи,9
малих,9
заря,9
гаязетдин,9
эльви,9
сагдат,9
фатей,9
хак,9
айнура,9
заури,9
фаткулбаян,9
захит,9
асатур,9
магалим,9
варлам,9
олимпий,9
акмал,9
севиндж,9
акакий,9
гайфутдин,9
нурмухамед,9
севиль,9
шабан,9
милослав,9
василии,9
зельман,9
сира,9
эльданиз,9
гамил,9
анюта,9
заит,9
адольфина,9
мирсает,9
минигалей,9
мирра,9
газизьян,9
минигаян,9
онега,9
зайнутдин,9
майрам,9
галиб,9
галиахмат,9
закирзян,9
генри,9
сает,9
нэли,9
рагиб,9
салам,9
аскарбий,9
зимфера,9
нургаяз,9
нургаян,9
шаймардан,9
халилулла,9
миншакир,9
микаел,9
алифтина,9
шайхинур,9
гайзулла,9
шарифа,9
интигам,9
бетя,9
доржо,9
дорджи,9
иллона,9
илмир,9
доминик,9
мухаметгалей,9
мухаметгали,9
дмтирий,9
амос,9
беник,9
бенедикт,9
тарлан,9
самед,9
вчеслав,9
вусал,9
дугар,9
улита,9
салия,9
рахмат,9
евдакия,9
гульзиган,9
хасьян,9
абдулхан,9
абдулхалик,9
гульниса,9
маулида,9
ахтам,9
шамсудин,9
амелия,9
сальма,9
абдулкерим,9
рахимян,9
шамсулла,9
мухадин,9
поля,9
дмитри,9
ягуда,9
бекхан,9
ларион,9
назмутдин,9
анатон,9
марксина,9
хисам,9
джамшед,9
пимон,9
андре,9
надежла,9
джалил,9
тимерян,9
джалал,9
мариян,9
деомид,9
джавад,9
латфулла,9
бахруз,9
ринчин,9
давлетша,9
масабих,9
давит,9
мухаметнур,9
давлетбай,9
хусей,9
самира,9
турал,9
крикор,9
перфил,9
лейли,9
дилшод,9
ямиля,9
лева,9
краснослав,9
гульгена,9
илия,9
альберта,9
малхаз,9
рауля,9
изя,9
махарбек,9
нгок,9
саул,9
альфрет,9
еким,9
мукатдас,9
хасанби,9
рузалин,9
неонилла,9
егиш,9
муллагалей,9
махиян,9
ахматнур,9
сасун,9
иннесса,9
панна,9
ахматхан,9
музафар,9
мукарама,9
линиза,9
фазыльян,9
сумбат,9
фазулла,9
биктимер,9
ромас,9
искандяр,8
джавдат,8
гарун,8
минегуль,8
ариан,8
афган,8
садрислам,8
аухат,8
гарольд,8
гарма,8
констанция,8
мухаметша,8
кашфулла,8
суан,8
никоалй,8
афзал,8
нурфаиз,8
ямгутдин,8
ямигнур,8
садофий,8
тимирхан,8
мордко,8
элли,8
роальд,8
мухаметзян,8
миней,8
садай,8
варсанофий,8
варсонофий,8
мухаметзаки,8
магариф,8
здислава,8
нели,8
джаваншир,8
багаудин,8
ривал,8
агаси,8
магдалена,8
болислав,8
акзам,8
линь,8
наджеда,8
дибир,8
авхади,8
афиноген,8
алберт,8
батырбек,8
февронья,8
сулико,8
эйваз,8
тимергалей,8
ович,8
минзакир,8
ларина,8
фаис,8
хисамутдин,8
сервер,8
афтах,8
исрапил,8
каро,8
батомунко,8
джамбул,8
римантас,8
зиф,8
лияна,8
риваль,8
христинья,8
налия,8
аксиния,8
зиганша,8
шади,8
крестинья,8
сероп,8
баир,8
хикматулла,8
фазит,8
армине,8
фади,8
тимирбай,8
джони,8
темури,8
борух,8
hаталья,8
нэлия,8
даниял,8
рушат,8
дмитриий,8
нталья,8
люли,8
энгелина,8
лэйсан,8
рахимжан,8
цезарь,8
энвар,8
адэля,8
кирьян,8
мирия,8
георги,8
дэвид,8
бибисара,8
лилья,8
руфь,8
табрис,8
агоп,8
лябиб,8
хасанбий,8
мирдза,8
абдулкадыр,8
нурбий,8
залимхан,8
билял,8
атаулла,8
эльнар,8
абдурахим,8
завдят,8
гизитдин,8
загида,8
гизатулла,8
эрдни,8
ахметзаки,8
хасиятулла,8
рэма,8
рафиса,8
загира,8
ниязи,8
юнис,8
любмила,8
нодар,8
евграфий,8
мирьям,8
нафися,8
муртазали,8
ахметсафа,8
мирхат,8
соломея,8
мирсаяф,8
нургалий,8
кияметдин,8
сильвестр,8
сяо,8
доната,8
аглиулла,8
мавли,8
райхан,8
домникия,8
гузэл,8
доменика,8
эльвер,8
рогнеда,8
руфа,8
миннула,8
доржей,8
элчин,8
мавлия,8
вано,8
агиль,8
фатиха,8
миннислам,8
миша,8
агил,8
мойсей,8
жафяр,8
ростом,8
фархулла,8
киямутдин,8
авинир,8
гуля,8
асим,8
валимухамет,8
жорес,8
фаррах,8
заман,8
гулам,8
сирина,8
нурей,8
валит,8
талига,8
валтер,8
лутфрахман,8
гельнур,8
айваз,8
тальгат,8
тамаз,8
айгиз,8
ната,8
рачик,8
гелия,8
минхан,8
сагида,8
нурали,8
ражап,8
владас,8
мадин,8
анжей,8
флорис,8
анфея,8
манана,8
габриэль,8
хаджи,8
веста,8
мильда,8
фока,8
феофил,8
макисм,8
хадис,8
ильза,8
гадия,8
анастия,8
матрёна,8
полиект,8
араксия,8
пурбо,8
гакиф,8
шайхенур,8
сардион,8
вяйно,8
сальман,8
остап,8
флавий,8
сайфи,8
габделхак,8
вячислав,8
минадора,8
вилор,8
апполинарья,8
гадельзян,8
сахабутдин,8
максуд,8
фильзя,8
фирудин,8
орудж,8
салимулла,8
милания,8
светозар,8
вилаят,8
петер,8
андрон,8
инвир,8
апти,8
мехмет,8
света,8
шерали,8
галимжан,8
габдулхамит,8
рабис,8
полиевкт,8
майсара,8
шараф,8
саттар,8
андреас,8
владимслав,8
зосима,8
аллахверди,8
фирая,8
милеуша,8
салах,8
мечислава,8
анатоий,8
мардан,8
владимер,8
свтелана,8
габдула,8
пантилей,8
анфис,8
мартик,8
зотик,8
ерина,7
гинда,7
ауес,7
файлас,7
палагея,7
лом-али,7
гилязетдин,7
фазылзян,7
файма,7
авзал,7
гомбо,7
лонгин,7
хания,7
вилье,7
магруй,7
медхат,7
никалай,7
лорина,7
альвидас,7
ханафий,7
каримулла,7
очир,7
сулпан,7
идалия,7
этери,7
файзелгаян,7
габиб,7
сафура,7
этя,7
малгожата,7
жана,7
агрофена,7
стас,7
люсия,7
камель,7
заид,7
энна,7
валенитна,7
анфисия,7
анфисья,7
фикрат,7
фанузя,7
онуфрий,7
гази,7
рамзес,7
викторас,7
адэль,7
снргей,7
нихама,7
зайнула,7
мирина,7
зайтуня,7
эмир,7
майра,7
сабирян,7
эмилий,7
закизян,7
мирзахан,7
генриэта,7
азгам,7
закирян,7
марин,7
салахутдин,7
михал,7
аглая,7
вазит,7
жирайр,7
вадут,7
аглулла,7
важа,7
чао,7
гадель,7
рано,7
раниф,7
гилмулла,7
гадельша,7
атлас,7
шмавон,7
алтай,7
адалет,7
людила,7
гаджимагомед,7
саяр,7
иолий,7
софа,7
любомира,7
канзафар,7
канафи,7
забих,7
люда,7
гизетдин,7
рычард,7
викул,7
анфим,7
нехама,7
груня,7
кахабер,7
музаффар,7
джума,7
владиир,7
шаура,7
ревмира,7
ямил,7
владиимир,7
корнелий,7
диловар,7
дамдин,7
рифмир,7
далер,7
андррей,7
ревека,7
давуд,7
имамгали,7
язиля,7
багдасар,7
багаутдин,7
иман,7
фрума,7
флорентина,7
тао,7
рашидя,7
яват,7
насиха,7
флегонт,7
мухамеджан,7
дондок,7
манушак,7
володимир,7
анатоли,7
хикмет,7
лайля,7
кямран,7
марионилла,7
деонис,7
марите,7
назарий,7
ривгат,7
влалимир,7
балдан,7
ренарт,7
басир,7
джамалдин,7
джамбулат,7
ильсия,7
батраз,7
мушфиг,7
анварбек,7
франко,7
батырхан,7
рейнгольд,7
ландыш,7
байрас,7
резо,7
hиколай,7
джемал,7
мясум,7
наим,7
баходир,7
латып,7
леодор,7
доржа,7
мухаматхан,7
еликанида,7
инзира,7
махач,7
ростам,7
рафига,7
абил,7
харун,7
парамон,7
бислан,7
юлдуз,7
фавадис,7
нейля,7
валида,7
юй,7
рувин,7
абзалтдин,7
мамдуда,7
абулфат,7
габдулгани,7
ненила,7
мукатдис,7
рузаль,7
пальмира,7
анри,7
сауле,7
хао,7
авангард,7
музаяна,7
ансаф,7
рафиз,7
ахметгалей,7
тамар,7
хатуна,7
абдулбари,7
таля,7
гурами,7
натали,7
талина,7
вячеслава,7
талех,7
илира,7
абдулгани,7
саляхутдин,7
лерник,7
матлаб,7
улугбек,7
натела,7
виорел,7
абдуллазян,7
мутигулла,7
ингрида,7
либа,7
абдулхамит,7
юнона,7
цзин,7
юнна,7
шаяхмет,7
ахметсултан,7
евгенний,7
ания,7
евелина,7
ипат,7
бальжинима,7
миннигалей,7
алентина,7
хадыча,7
аполения,7
фаукат,7
аракел,7
эльзида,7
алимбек,7
фатхи,7
замиля,7
эдит,7
зиганур,7
шагали,7
зейнаб,7
миннимухамет,7
савватей,7
эйнар,7
ольгерт,7
сирень,7
саитгарай,7
хадимулла,7
зоря,7
акаки,7
саетгали,7
минегали,7
фахраддин,7
хазиахмет,7
кавий,7
гелиос,7
фахразый,7
алиулла,7
мавлит,7
аполония,7
шайсултан,7
хадиулла,7
саитгали,7
вечислав,7
алекесандр,7
фасхутдин,7
эдурд,7
ферапонт,7
фатьма,7
фассах,7
гаффан,7
миннебай,7
акоб,7
ишмурат,7
зулия,7
радимир,7
халаф,7
сибгатулла,7
нурзида,7
аленксандр,7
фатхрахман,7
свирид,7
сагдулла,7
алексаендр,7
ариада,7
ардаш,7
аик,7
зулфия,7
фея,7
мирали,7
аладдин,7
светланан,7
зиряк,7
северин,7
арво,7
майкл,7
хазип,7
мингата,7
силантий,7
аргентина,7
шушаник,7
исмагиль,7
гайнитдин,7
мигран,7
алксей,7
иракли,7
фахри,7
фахрулла,7
шайхнур,7
зальфира,7
виено,7
текуса,6
абидулла,6
ервант,6
фазиль,6
юлияна,6
махбуба,6
раина,6
тохир,6
евнений,6
зельма,6
аракся,6
кетеван,6
гамза,6
гатият,6
бирута,6
алексакндр,6
оганнес,6
ромео,6
дианна,6
шевкет,6
евтихий,6
мазгут,6
каха,6
раузия,6
бимба,6
мадания,6
андрес,6
тахмина,6
даната,6
хасанша,6
кафия,6
инзир,6
варлен,6
хадит,6
эльфия,6
габдракип,6
сибагатулла,6
парвиз,6
алесксандр,6
винцент,6
хасанбек,6
олимпия,6
урузмаг,6
фетинья,6
абумуслим,6
кельсий,6
гузял,6
нерсес,6
абугали,6
енок,6
грайр,6
еликонида,6
винидикт,6
пэн,6
анатасия,6
раушанья,6
фотей,6
леана,6
текля,6
абуталиб,6
фагиль,6
муллагалий,6
муллабай,6
вартануш,6
рафагат,6
лбдмила,6
ружена,6
варткес,6
северина,6
вартерес,6
миннибай,6
алексадра,6
дикран,6
рауфат,6
вернер,6
фатхлислам,6
хикмат,6
харрас,6
юлдаш,6
даниел,6
даниф,6
або,6
екатериеа,6
артамон,6
бахши,6
абубакар,6
изобелла,6
елезавета,6
фотий,6
кеворк,6
исраил,6
винира,6
фаддей,6
зейнал,6
данна,6
винарис,6
фярит,6
евгеньевна,6
евений,6
бек,6
серик,6
гусен,6
ина,6
дитрий,6
абдулах,6
татаркан,6
перасковия,6
хафис,6
леонгина,6
юссеф,6
пауль,6
минахмат,6
перасковья,6
прасковия,6
врам,6
абдаллах,6
мухамадулла,6
юрия,6
леонина,6
мадлена,6
тухват,6
дионисий,6
талибулла,6
наталь,6
давли,6
фахим,6
илина,6
марфуга,6
ин,6
витас,6
сергй,6
зубаржат,6
маскур,6
дмитрмй,6
марвар,6
коммунар,6
флуза,6
витория,6
гюльназ,6
дмитирй,6
ровза,6
эйюб,6
хуссейн,6
тарана,6
ганс,6
дмиитрий,6
ганий,6
тюне,6
флор,6
ая,6
мадинат,6
аюр,6
мухамедша,6
доминика,6
флур,6
бекир,6
зубарзят,6
флура,6
рашель,6
вреж,6
веньямин,6
наталя,6
сарибек,6
ши,6
науфаль,6
тафик,6
тазрет,6
ахметшариф,6
мухаррям,6
арастун,6
ильзида,6
кирей,6
сардар,6
шамсия,6
зинон,6
цзинь,6
евгеньевич,6
амазасп,6
ишбулат,6
иксан,6
лика,6
шаймухамет,6
гульгуна,6
мафруза,6
шамсинур,6
тагира,6
нахим,6
дилбар,6
мафтуха,6
бикмухамет,6
аликрам,6
гарифян,6
контстантин,6
гульнафиса,6
зигангир,6
констонтин,6
зохраб,6
мухаметьян,6
олбга,6
натаья,6
наркиз,6
гараби,6
цветана,6
ингель,6
абдулл,6
кифая,6
габделбари,6
мутыгулла,6
реваль,6
сарвартдин,6
мухарбек,6
тайба,6
таиф,6
гульсия,6
мингазетдин,6
дюдмила,6
хатим,6
бадертдин,6
висилий,6
парфентий,6
мухаммат,6
элеанора,6
таип,6
хуршед,6
анетта,6
эльфир,6
гораций,6
хамед,6
гейдар,6
нурзиля,6
влвдимир,6
сиражутдин,6
тимерша,6
нурзиган,6
рамия,6
власта,6
завиль,6
гадир,6
сос,6
камран,6
филарис,6
асьма,6
шакро,6
алиф,6
реналь,6
валнтина,6
яудат,6
саяф,6
фикус,6
фанзир,6
сангаджи,6
камилия,6
франциска,6
метин,6
мариям,6
фаниз,6
адиба,6
ольа,6
рамуальд,6
нмколай,6
асан,6
олнг,6
свеьлана,6
агля,6
алисултан,6
гильда,6
ильяз,6
нурида,6
фалих,6
орхан,6
гвидон,6
нурзия,6
джамалутдин,6
ясавий,6
вилдан,6
алтаф,6
зульхиза,6
надажда,6
исламгали,6
минсулу,6
магсума,6
фамил,6
аполлинарий,6
нирса,6
мавлетбай,6
фанавис,6
батарбек,6
гади,6
назима,6
канзель,6
асхад,6
кази,6
батор,6
эммилия,6
миральда,6
геогрий,6
нажиб,6
газис,6
мирас,6
люциана,6
назакет,6
халимя,6
кайрат,6
фардат,6
генриха,6
саламбек,6
искендер,6
люцына,6
рамази,6
мирзагали,6
оля,6
мзия,6
аслам,6
нурадин,6
санан,6
рагида,6
андей,6
джабир,6
рза,6
фарзия,6
кутуз,6
азис,6
решат,6
майрбек,6
вика,6
шайхитдин,6
фарах,6
камалутдин,6
надыр,6
мехди,6
нодари,6
камалетдин,6
асель,6
салахетдин,6
тимиргали,6
курман,6
штефан,6
иранда,6
калиса,6
мирсалих,6
фарагат,6
тимирзян,6
зыгмунд,6
христиния,6
герберт,6
валери,6
селиван,6
золя,6
люлмила,6
зайни,6
асрар,6
зайнитдин,6
рагиф,6
рагип,6
люсик,6
фидарит,6
венеамин,6
ибатулла,6
кавей,6
бакрат,6
цыден,6
афлях,6
анатолия,6
салимжан,6
hадежда,6
глимхан,6
эллона,6
этель,6
тимер,6
полад,6
сулиман,6
илькин,6
ксеня,6
файвель,6
ирида,6
антонас,6
сулайман,6
лара,6
магфурян,6
паата,6
фида,6
сафон,6
римас,6
медина,6
марсил,6
гирфан,6
вильгельмина,6
кавсар,6
арусяк,6
двейра,6
глюся,6
султангали,6
аведис,6
гор,6
сунгатулла,6
владими,6
рунар,6
касьян,6
мугтасим,6
артюш,6
вилюр,6
раудат,6
цолак,6
сун,6
касум,6
хайрула,6
паисий,6
голда,6
вильсур,6
резван,6
том,6
расых,6
хани,6
миннигарей,6
зульфар,6
минзиган,6
игроь,6
набий,6
фатма,6
дебора,6
тархан,6
феония,6
цыренжап,6
джангир,6
ивар,6
философ,6
товий,6
гафурьян,6
гильминур,6
гиля,6
лукоян,6
аурел,6
минзагит,6
лала,6
агдас,6
зияфат,6
гашик,6
алис,6
шарафетдин,6
чонг,6
ванифатий,6
карибулла,6
каральби,6
лусик,6
файзелхак,6
никола,6
назым,6
вилли,6
шайхетдин,6
милавша,6
делара,6
лусеген,6
файзулгаян,6
радамир,6
марек,6
влдадимир,5
фотина,5
димитър,5
фая,5
исмат,5
галик,5
хазей,5
дияна,5
зирина,5
сан,5
риян,5
королина,5
бахман,5
ринал,5
рефат,5
велентина,5
теофилия,5
рея,5
ильяна,5
имант,5
гюндуз,5
владимиир,5
ирэн,5
дарико,5
феофила,5
вталий,5
исламнур,5
виулен,5
рикс,5
владим,5
бексултан,5
хилма,5
всеслав,5
ильхамия,5
джемали,5
беата,5
барис,5
бассам,5
хельви,5
динь,5
туктар,5
ильгина,5
давлятша,5
куан,5
ригат,5
бауржан,5
тимиргалей,5
хаернас,5
сандра,5
диляфруз,5
вацловас,5
римат,5
джаник,5
власий,5
галимзан,5
федан,5
татьяня,5
галимардан,5
семигулла,5
хизир,5
давлатбек,5
беба,5
вмктор,5
хазий,5
данг,5
джахид,5
хелена,5
римм,5
таьтяна,5
зиноида,5
хазиб,5
дануте,5
дионис,5
риль,5
фейзрахман,5
франческа,5
хазяр,5
санасар,5
имад,5
беглар,5
сазон,5
зоряна,5
исуф,5
уруспи,5
хвича,5
игор,5
ханан,5
рустик,5
гисса,5
габриел,5
гирша,5
гафиулла,5
хайям,5
вагид,5
сайфетдин,5
файзула,5
ивета,5
гавгар,5
файзулло,5
русудан,5
файзылгаян,5
гимай,5
хабибьян,5
рута,5
зульхабира,5
филус,5
жиганша,5
гашим,5
иов,5
хамиль,5
гильми,5
салимгарей,5
фаткул,5
сахи,5
фаткула,5
салимхан,5
ерем,5
румиль,5
будимир,5
ермак,5
сунагат,5
фазлый,5
ханифя,5
сагман,5
идилия,5
гайникамал,5
сагитьян,5
годердзи,5
гаугар,5
габдурахман,5
карэн,5
свтлана,5
буся,5
глюса,5
хабиба,5
вильма,5
захида,5
рустамбек,5
фаткулислам,5
сайран,5
заудин,5
иозас,5
саулюс,5
замил,5
валентинас,5
саадат,5
героним,5
фидания,5
гермоген,5
свеилана,5
зыя,5
содном,5
калим,5
газанфар,5
ирана,5
зураби,5
виктар,5
славяна,5
фария,5
зуфер,5
закирья,5
газимзян,5
генннадий,5
газимагомед,5
славамир,5
геннадьевич,5
фаридя,5
вализян,5
геннадия,5
виктороия,5
фаруза,5
капрел,5
гершен,5
хабрахман,5
срур,5
жуй,5
заррина,5
филип,5
гилман,5
сохраб,5
хакимян,5
гевонд,5
гилим,5
сацита,5
фасих,5
забит,5
вивея,5
зямил,5
виген,5
гайдар,5
гадый,5
хамбал,5
вида,5
фанида,5
гиа,5
загрутдин,5
хаматхан,5
сона,5
ереджиб,5
рузида,5
сердар,5
инал,5
гумяр,5
клаус,5
ихсан,5
бесик,5
зигфрид,5
хайбрахман,5
хайбула,5
бетал,5
самад,5
уллубий,5
зузана,5
ицко,5
илес,5
витали,5
зигангарей,5
гарафетдин,5
умарали,5
зуй,5
илгизар,5
ироида,5
илга,5
гульсима,5
фирхат,5
кирсан,5
таиб,5
клементина,5
гурбан,5
киррил,5
хацкель,5
коминтерн,5
гюльнар,5
вьет,5
сапар,5
тарек,5
коля,5
илфир,5
бенциан,5
бенцион,5
вэнь,5
тансулпан,5
доменик,5
домника,5
флер,5
хачерес,5
вафир,5
самара,5
тамилла,5
вафи,5
хады,5
галиакбар,5
иллиодор,5
дориан,5
ватислав,5
инаида,5
гульнора,5
индус,5
фазалия,5
рональд,5
габдул,5
иркин,5
харлам,5
рубик,5
екатнрина,5
фатхий,5
богос,5
изиль,5
елистрат,5
елиферий,5
сысой,5
гретта,5
здуард,5
грачья,5
фагимя,5
суюмбика,5
харас,5
габдуллазян,5
фагия,5
хайри,5
гатиф,5
фиона,5
кашафутдин,5
збыслав,5
фазаил,5
устина,5
уршуля,5
гульнира,5
зулихан,5
фэй,5
кирим,5
илач,5
зенфир,5
еатерина,5
хайдяр,5
тазкира,5
евангелина,5
евгении,5
габдельбари,5
зулайха,5
рольф,5
гульжан,5
феруз,5
ураз,5
тагирзян,5
евегний,5
евель,5
сарим,5
уралия,5
гульбану,5
уркия,5
ромиль,5
икар,5
гулира,5
сафарали,5
консуэлла,5
ражден,5
нарис,5
минвали,5
раймунд,5
ахметьян,5
ревгат,5
рахила,5
адигам,5
шакира,5
мухаммед,5
ревенер,5
мифтах,5
ади,5
мавлюда,5
минай,5
алиджан,5
равхат,5
ледя,5
нихат,5
эвилина,5
мингаж,5
намсарай,5
адизян,5
мурзабек,5
алекскй,5
райво,5
анфас,5
анфилофий,5
растям,5
алемпиада,5
ахлиман,5
шакирян,5
абдулахать,5
полиэкт,5
миннегарай,5
разият,5
макарим,5
мингалий,5
анедрей,5
алефтин,5
лотфи,5
муллазян,5
миннемухамат,5
арменуи,5
мурзагали,5
шагинур,5
нанна,5
мухсин,5
ахмадей,5
мавлетьян,5
расимя,5
лилиан,5
минниахмат,5
чингис,5
адалят,5
аурелия,5
ахмади,5
шайхлислам,5
анвяр,5
маркар,5
маркиан,5
элиса,5
мавлий,5
шагида,5
муллагаян,5
армас,5
абулгас,5
марета,5
наргиз,5
адельзян,5
алимагомед,5
ревмир,5
магнави,5
шайхулислам,5
мавлиха,5
бадрудин,5
олимжон,5
марик,5
марика,5
бадрутдин,5
анджелика,5
алекскандр,5
окасана,5
афлатун,5
мамия,5
абисал,5
миркасим,5
адхам,5
анотолий,5
леня,5
пюрвя,5
локман,5
лолий,5
мирсагит,5
мухаметзакир,5
шавали,5
разыя,5
алдона,5
минигалим,5
мирсаид,5
муниря,5
оваким,5
юлен,5
албина,5
магзум,5
нухим,5
элата,5
арпеник,5
антонио,5
алаа,5
явит,5
лери,5
нохим,5
рабия,5
ахуньян,5
шавкет,5
шамсаддин,5
антанида,5
ашок,5
антанас,5
раик,5
явгар,5
насиба,5
алеександр,5
электрон,5
алей,5
минзада,5
азаль,5
леча,5
минехан,5
нармина,5
мухаматша,5
алексанрд,5
абдулазиз,5
раузиля,5
анимаиса,5
маннаф,5
нурый,5
минетдин,5
алексе,5
пранас,5
магарам,5
раифа,5
прокоп,5
элгуджа,5
муниб,5
баба,5
аксенья,5
овсей,5
овсеп,5
алекксандр,5
насртдин,5
цыбик,5
алексаандр,5
минзия,5
адонис,5
алексай,5
александа,5
аниф,5
аксения,5
ахкиям,5
минзариф,5
минзаки,5
алита,5
мухаметвали,5
микола,5
паулина,5
липарит,5
альвиан,5
юна,5
мусалим,5
эхтибар,5
абдулнасир,5
нигина,5
никопай,5
нургата,5
натэла,5
шайнур,5
мугамбар,5
шикар,5
айкануш,5
матевос,5
навруз,5
ширван,5
ахматзаки,5
эро,5
нигамат,5
алхас,5
ахматгали,5
рамай,5
агзамутдин,5
лайма,5
люцияна,5
авель,5
цзюнь,5
наила,5
мойша,5
офелия,5
аслах,5
разак,5
магомедали,5
нилла,5
нигматзян,5
нуриаздан,5
амерхан,5
кярам,5
этля,5
автомон,5
назик,5
маулит,5
альфер,5
надим,5
панкратий,5
ахмедага,5
шаиг,5
магомедшарип,5
минхаир,5
нажежда,5
авхадей,5
альфонсас,5
махасим,5
мотель,5
кярим,5
назми,5
эльгина,5
шигап,5
назметдин,5
пайлак,5
аста,5
палладий,5
рамзис,5
николаев,5
мубаряк,5
мадис,5
абдумалик,5
магфур,5
ясин,5
назиря,5
аврум,5
альфарит,5
арип,5
амит,5
орыся,5
аловсат,5
нургазиз,5
юмабай,5
аполон,5
аваль,5
резяп,5
лусине,5
янко,5
элма,5
алма,5
аллям,5
мнир,5
цин,5
аллина,5
латиф,5
аграфина,5
абел,5
чимит,5
миргазиз,5
яника,5
мурман,5
расида,5
аполинарий,5
петро,5
абуталип,5
алкександр,5
муксин,5
пиама,5
лукерия,5
микаил,5
марха,5
мнира,5
нима,5
арис,5
мера,5
лутфирахман,5
агли,5
шайхелислам,5
наири,5
анантолий,5
юань,5
баки,5
ахметвали,5
