aleksandr,126139
nikolaj,107848
ivan,90558
sergej,89541
vladimir,79927
mikhail,67395
vasilij,65332
elena,62796
tatyana,61620
aleksej,58992
andrej,55285
natalya,51553
olga,51297
dmitrij,51238
mariya,47990
viktor,47988
anna,45313
irina,42388
svetlana,41107
valentina,39438
yurij,36945
petr,36886
lyudmila,34783
anatolij,34650
galina,33671
pavel,32373
igor,30299
nina,30040
evgenij,29261
oleg,26154
ekaterina,25784
nadezhda,24925
aleksandra,22195
valerij,21805
vera,20302
vitalij,19880
marina,19434
tamara,17868
grigorij,17751
fedor,17375
lyubov,17243
boris,17057
gennadij,16997
yuliya,16955
leonid,16729
konstantin,16723
lidiya,16011
vyacheslav,14572
antonina,14055
anastasiya,13988
oksana,13683
larisa,13027
zinaida,12339
georgij,11872
denis,11158
valentin,10917
klavdiya,10758
maksim,10651
evgeniya,10220
vadim,10171
alla,9451
raisa,9302
zoya,8619
roman,8445
ilya,8440
ruslan,8383
inna,7840
nataliya,7493
evdokiya,7295
viktoriya,7181
stepan,6928
semen,6511
anton,6437
liliya,6360
eduard,6085
stanislav,5910
zhanna,5820
yakov,5429
elizaveta,5173
arkadij,4524
vladislav,4489
margarita,4072
artem,3729
kirill,3720
egor,3683
artur,3632
taisiya,3267
pelageya,3106
elvira,3102
praskovya,3048
marat,2984
albert,2967
olesya,2944
lev,2924
albina,2915
ildar,2728
veronika,2716
kseniya,2698
iosif,2575
timofej,2569
alesya,2402
varvara,2301
sofiya,2259
rinat,2197
polina,2184
alina,2182
darya,2105
rimma,1999
rustam,1994
gulnara,1942
regina,1913
anzhela,1882
veniamin,1869
rustem,1858
roza,1832
sofya,1785
radik,1778
anzhelika,1762
aleksand,1720
alevtina,1700
ramil,1645
alena,1639
guzel,1631
serafima,1617
afanasij,1609
yanina,1588
inessa,1527
iraida,1506
nikita,1457
kristina,1405
diana,1396
filipp,1396
faina,1385
efim,1373
azat,1321
timur,1310
ajrat,1307
dina,1295
yana,1252
ajgul,1235
kuzma,1221
valeriya,1195
petr,1146
alfiya,1143
german,1142
robert,1077
aleksanr,1006
innokentij,989
nelli,985
damir,979
matrena,973
ilshat,972
yaroslav,950
nail,936
matvej,917
yadviga,903
inga,881
efrosinya,851
salavat,848
shamil,838
ajdar,826
tikhon,825
ulyana,821
zulfiya,805
majya,795
venera,793
ilgiz,792
gleb,764
danil,751
vsevolod,741
ravil,732
rishat,730
mitrofan,725
rita,721
angelina,720
klara,705
mark,697
gulnaz,683
gavriil,682
genrikh,669
snezhana,663
daniil,663
elza,657
elmira,656
gavril,652
marsel,644
farit,643
teresa,637
rafael,633
irek,631
danuta,619
ilona,615
leontij,608
kazimir,604
aliya,600
azamat,597
rashit,595
marfa,584
cheslav,580
taisa,575
serafim,574
svyatoslav,564
kapitalina,562
ella,560
rim,549
avgusta,541
stanislava,540
yan,539
elina,532
liana,530
anfisa,529
ilnur,525
rostislav,522
ildus,520
tagir,518
taisya,510
renat,504
zilya,502
kira,491
anvar,489
tadeush,480
eleonora,478
zakhar,474
emma,469
prokopij,463
alik,463
trofim,461
dinara,461
emiliya,460
nailya,449
david,448
arsenij,440
nikifor,430
magomed,425
leokadiya,425
dinar,424
stefan,420
kamil,410
feliks,406
vener,406
rozaliya,404
artem,399
bulat,394
almira,392
rais,390
ibragim,382
adam,380
kapitolina,378
frants,377
ninel,376
violetta,375
paraskovya,370
rail,366
vanda,362
aleftina,362
taras,356
bronislav,355
rufina,355
nonna,354
mansur,353
alfred,351
vatslav,349
abram,347
rafail,345
irena,343
marianna,342
rif,342
genadij,341
fanil,340
moisej,339
gulshat,339
karina,338
lyutsiya,336
luiza,332
vikentij,330
savelij,326
liya,325
gelena,322
lina,321
mechislav,319
fedor,318
maryan,312
zemfira,310
fanis,308
ilyas,307
antonida,305
bogdan,304
arsentij,304
zufar,300
rashid,298
ida,298
anisya,293
ignat,291
almaz,290
isaak,290
pantelej,287
glafira,282
lena,282
kim,281
khamit,280
akhmet,279
eva,278
valeryan,277
abdulla,276
galiya,275
rima,272
alsu,269
zinovij,268
mars,268
rafis,266
ignatij,261
stepanida,258
ali,258
prokofij,258
zukhra,257
illarion,256
ilmir,255
rezeda,254
gerasim,253
gyuzel,249
khasan,249
makar,248
rudolf,247
flyura,247
talgat,243
ural,243
bronislava,242
rafik,242
agafya,241
fedosya,241
farida,241
agrippina,240
eldar,239
agrafena,239
yulij,239
lyajsan,238
alisa,237
irik,235
arsen,234
nelya,234
romuald,231
arina,228
naum,227
amir,223
demyan,221
rodion,221
iya,221
agniya,220
cheslava,217
vil,217
appolinariya,216
adolf,213
ramilya,213
flyur,213
akim,212
valerian,212
lazar,209
olimpiada,208
oktyabrina,206
vasilisa,205
akhat,204
lira,203
nuriya,201
lejsan,199
gurij,199
akhmed,199
pavla,198
pavlina,198
muza,196
emil,196
vladislava,193
marta,193
edvard,192
makhmut,192
armen,192
radmir,192
vitold,190
aida,188
askhat,184
rustem,183
kharis,182
ramazan,182
erik,182
samuil,182
ashot,180
gabdulla,180
tereza,179
ilmira,178
artemij,178
lavrentij,178
rauf,178
lada,175
dilara,175
emelyan,173
alfira,173
renata,172
zakir,172
afonasij,171
spartak,170
yuliana,168
rasim,168
leonarda,167
sabina,167
kasim,165
munir,165
ilfat,164
asiya,164
sultan,164
vladlen,163
rasima,162
leonard,160
rezida,159
arnold,159
asya,159
ananij,158
terentij,158
midkhat,156
salikh,156
nelya,156
luka,155
fekla,155
aksana,153
fedosiya,153
boleslav,152
guzaliya,151
leon,151
yuzefa,150
neonila,150
maryam,150
mira,149
khristina,149
leonida,148
ramziya,148
vladilen,147
fatima,147
evstafij,147
ismagil,147
karl,146
ismail,146
islam,145
zajtuna,144
farid,144
ildar,144
khamza,142
faniya,142
sabir,142
gali,140
alena,140
linar,139
khanif,138
akulina,138
milyausha,137
sagit,137
raushaniya,137
rifkat,137
nelli,137
yuzef,137
suren,137
ernest,135
tanzilya,134
karp,133
khajdar,133
miroslav,133
nikandr,133
fedot,132
evelina,132
shakir,131
rida,131
galimzyan,131
saniya,130
sulejman,129
dora,129
evdokim,128
vitaliya,128
liliana,128
nellya,128
miron,127
lejla,127
andrian,127
vagiz,127
samvel,127
ruslana,126
ajsylu,125
genrik,125
zaki,125
nurulla,125
iskhak,124
foma,124
anisa,123
garif,123
rakhil,123
viner,123
maya,123
murat,122
danis,122
amina,122
solomon,121
kaleriya,121
danila,120
lyalya,119
ruben,119
izrail,118
rashida,118
susanna,118
agripina,118
aron,117
spiridon,117
klavdij,117
zinur,116
arkhip,116
gayaz,115
gulsina,114
manefa,114
rasul,114
polikarp,114
alfir,114
lenar,113
railya,113
porfirij,112
fatykh,111
rafail,111
elvir,110
efrem,110
feodosiya,110
platon,110
musa,109
ajnur,109
mefodij,109
mudaris,109
yusup,108
anisim,108
semen,108
razilya,108
ada,108
gulfiya,107
fajzrakhman,107
mukhamet,106
vassa,106
zulfira,106
madina,105
akram,105
flyuza,105
evstoliya,104
nafisa,104
feodosij,104
lyutsina,104
takhir,104
frida,103
abdul,103
iskander,103
karen,103
sarra,102
bella,102
mukhamed,102
khariton,102
zarema,102
khusain,101
maina,101
fidan,101
khalil,101
fail,101
efrosiniya,101
indira,101
rakhim,100
filyus,100
vladimr,100
romualda,99
fedora,99
ilgam,99
lilya,99
izabella,98
frol,98
gumar,98
ilshat,98
zinnur,98
vita,98
mustafa,97
gulchachak,97
gulnur,97
davyd,97
pantelejmon,97
niyaz,97
fagim,97
galim,96
ariadna,96
vasil,96
gumer,96
rifat,96
ira,96
nazar,95
karim,95
zimfira,95
lyusya,94
stella,94
venedikt,94
malik,94
aram,93
levon,93
zagit,92
idris,92
isaj,92
nazip,92
berta,91
ruzil,91
fatikh,91
anas,91
evsej,91
nazir,91
usman,90
richard,90
nail,90
agzam,90
alvina,90
ramis,90
khakim,89
yunus,89
abdulkhak,89
khabibulla,89
maryana,89
avgustina,88
avenir,88
ustinya,87
zofiya,87
samat,87
rushan,86
akhnaf,86
asgat,86
nasima,86
irma,86
khalim,86
zhan,86
gaziz,86
prokhor,85
yulaj,85
ryshard,85
domna,85
mukhtar,85
lukerya,84
nil,84
elmir,84
esfir,84
salim,84
yunir,83
dilyara,83
yakub,83
zakij,83
gusman,83
snezhanna,83
ideya,83
karolina,83
masgut,82
iskandar,82
nurgali,82
gabdrakhman,82
vasilina,82
aslan,82
kamil,82
aza,81
elvina,81
radion,81
ilfir,81
murad,81
sarkis,81
fajruza,80
rada,80
samigulla,80
abdrakhman,79
melanya,79
zhanetta,79
makhmud,79
zaliya,79
akhtyam,79
nester,79
almir,78
andriyan,78
miroslava,78
ralif,78
lesya,78
flarit,78
zlata,77
vecheslav,77
nella,77
feoktista,76
grazhina,76
agafiya,76
gabdulkhak,76
gabdulkhaj,76
ilvir,75
alesandr,75
zarina,75
zinfira,75
sharif,75
munira,75
khalit,74
daniya,74
malvina,74
sergei,74
nikonor,74
oskar,73
alimpiada,73
anzhella,73
slavomir,73
ramiz,73
zajnulla,73
alekandr,73
osip,72
dmirij,72
zaur,72
proskovya,72
radmila,72
fuat,72
klimentij,72
aleksandrovich,72
lyudvig,72
aelita,72
ruzilya,71
rafkat,71
fanuza,71
genovefa,71
bari,70
gertruda,70
vladimirovich,70
gadzhi,70
adel,70
nazim,69
radij,69
kazbek,69
alfina,69
vasilya,69
rafil,69
zenon,69
kiril,68
kurban,68
anisiya,68
rifgat,68
damira,68
edmund,68
mazit,67
ilvira,67
yaroslava,67
said,67
stefaniya,67
lukyan,67
florid,67
ramil,66
fauziya,66
khafiz,66
avgust,66
kapiton,66
pelogeya,66
gajsa,65
raida,65
khalida,65
gurgen,65
alitsiya,65
askar,64
ajno,64
tigran,64
van,64
yulian,64
savva,64
akop,64
khabib,64
gabbas,63
fanzil,63
fridrikh,63
dilya,63
shavkat,63
nagim,63
vartan,63
arif,63
rem,63
vilen,63
zakariya,63
khajrulla,63
sara,63
karapet,62
dimitrij,62
nurislam,62
fadej,62
sabit,62
isa,62
fanur,62
nariman,62
arutyun,62
abdulkhaj,62
guzeliya,62
zdislav,62
ildus,62
kupriyan,61
svetoslav,61
revekka,61
yulyan,61
khamzya,61
rina,61
umar,61
izmail,61
isak,61
yulianna,60
feofan,60
gagik,60
zifa,60
gafur,60
modest,60
milana,60
sharifulla,60
elisej,60
frantishka,59
leonora,59
sidor,59
zarif,59
alim,59
razida,59
galimyan,59
adelya,59
vitalina,59
izolda,59
edgar,59
omar,58
rauza,58
mirza,58
rushaniya,58
andranik,58
natasha,58
irshat,58
ganna,58
petimat,58
vatslava,58
agnessa,58
rajsa,58
garifulla,58
ramzil,58
rakhimzyan,57
ruzaliya,57
rasul,57
vali,57
gulsum,57
raushan,57
khamid,57
faiz,57
raul,57
firdaus,57
ksenya,56
florida,56
ilsur,56
filimon,56
taresa,56
magsum,56
seregej,56
oganes,56
fanil,56
adelaida,56
ernst,56
chulpan,56
aglyam,55
izosim,55
militsa,55
riva,55
efimiya,55
teressa,55
ruvim,54
sima,54
rizvan,54
parfirij,54
ulfat,54
vildan,54
kasym,54
milena,54
trifon,54
armenak,53
klim,53
yavdat,53
gevorg,53
nazif,53
kondratij,53
vakhtang,53
alan,53
valdemar,53
ilgizar,53
mecheslav,53
razif,52
vlas,52
ziya,52
grant,52
leonila,52
ranis,52
minzilya,52
galej,52
naziya,52
faat,52
lenina,52
timergali,52
nila,51
arshak,51
nazira,51
vissarion,51
timerkhan,51
apolinariya,51
ion,51
ellina,51
orest,51
nurmukhamet,51
arslan,51
zagir,51
adgam,51
khaim,51
aksinya,51
bakhtiyar,51
raziya,50
yuvenalij,50
ratmir,50
vagif,50
vakil,50
melaniya,49
kayum,49
feoktist,49
vlada,49
nabiulla,49
vakhit,49
yakhiya,49
sariya,49
eliza,49
ravil,49
gordej,49
innesa,49
katerina,48
zigmund,48
simon,48
erika,48
ermolaj,48
fatyma,48
khachatur,48
stalina,48
erna,47
rafit,47
ilnar,47
baryj,47
amaliya,47
antonij,47
kalimulla,47
andronik,47
emmanuil,47
samson,47
ippolit,47
abuzar,47
mubarak,47
stefanida,47
zakiya,47
gusejn,47
rizida,47
sait,47
kadyr,46
nafis,46
fanisa,46
alisher,46
abdula,46
zurab,46
nikodim,46
muslim,46
edik,46
alya,46
ilgiz,46
rem,46
khatmulla,46
muzagit,46
vinera,46
rajlya,46
rail,46
khelmi,45
akhmadulla,45
vladlena,45
dana,45
lyajlya,45
zabir,45
khaya,45
genya,45
lejsyan,45
slava,45
rovshan,45
galimulla,45
levan,45
bella,45
aleksadr,44
sharifyan,44
marks,44
khristofor,44
leopold,44
minulla,44
nellya,44
sabirzyan,44
gilmutdin,44
kabir,44
salima,44
feofaniya,44
shagit,43
khana,43
gasan,43
nikon,43
gulfira,43
evgraf,43
linara,43
lolita,43
khachik,43
sabiryan,43
liza,43
yanis,43
vugar,43
markel,43
militina,43
adelina,43
miniakhmet,42
mina,42
osman,42
finat,42
mamed,42
genrietta,42
tomara,42
andzhej,42
rajkhana,42
gajk,42
aleksndr,42
mullanur,42
lelya,41
mikhajl,41
fanzilya,41
nella,41
nadir,41
sonya,41
silva,41
vardan,41
sajfulla,41
maskhut,41
gamlet,41
vilena,41
radis,41
rafgat,41
kronid,41
anis,41
khalima,40
fazyl,40
seregj,40
rasikh,40
zulfat,40
fanilya,40
anrej,40
mstislav,40
magomet,40
gazinur,40
amin,40
guryan,40
anver,39
garik,39
fajzulla,39
varis,39
donat,39
najlya,39
shajkhulla,39
galij,39
rayan,39
zalifa,39
raif,39
lida,39
zinfir,39
apollinariya,39
fenya,39
ilkham,39
farkhad,39
azaliya,39
dim,38
guzal,38
alfreda,38
genij,38
vagan,38
yanush,38
fidrat,38
maksut,38
aslanbek,38
gulnar,38
garri,38
firuza,38
zajnab,38
gayan,38
genrika,38
yusuf,38
fayaz,38
aleskandr,38
antonin,38
foat,38
anzor,38
khazi,37
gajnulla,37
lutfulla,37
evlampij,37
vazykh,37
sufiya,37
darina,37
shota,37
kleopatra,37
agrepina,37
kazimira,37
insaf,37
maks,37
vojtekh,36
eremej,36
engels,36
elmar,36
gelij,36
tatna,36
safa,36
abdurakhman,36
akif,36
nazib,36
radif,36
rustyam,36
zhorzh,36
tojvo,36
khaliulla,36
voldemar,36
zinnat,36
safuan,36
shamil,35
karam,35
fanuz,35
florit,35
yarulla,35
dzhamilya,35
tayana,35
fanya,35
natan,35
galinur,35
elkhan,35
anita,35
nikanor,35
kondrat,35
edita,35
sharip,35
magdalina,35
kornej,35
flarid,35
khatip,35
ararat,35
valter,35
akhmad,35
bashir,35
rasil,35
samir,35
fail,34
ekatirina,34
gilmulla,34
khusnulla,34
razina,34
rakhmatulla,34
shalva,34
fidail,34
dilbar,34
khurmat,34
raliya,34
khadicha,34
vasil,34
angam,34
marziya,34
veranika,34
anfiza,34
chingiz,34
vil,34
ajvar,34
radislav,34
danil,34
ivanna,34
rishard,34
vazgen,34
alfrit,34
vladik,34
martin,34
kamal,34
elizar,34
genrietta,33
ilnur,33
mullayan,33
barij,33
elfrida,33
abonent,33
vasim,33
vladmir,33
timerbaj,33
rifkhat,33
zagidulla,33
albin,33
irena,33
altaf,33
ravis,33
artak,33
anuza,33
fanus,33
segej,33
safiulla,33
lembi,33
zosim,33
yamil,33
pavlin,33
ravilya,32
khamidulla,32
demid,32
munavir,32
khabibrakhman,32
khalyaf,32
favziya,32
frantishek,32
riza,32
tamila,32
askold,32
ayaz,32
veslav,32
yakup,32
andzhela,32
kiyam,32
shaukat,32
zugra,32
saida,32
kharlampij,32
amayak,32
ejno,32
zamira,32
mirgasim,32
grigor,32
matilda,32
dinis,32
azer,31
anufrij,31
nadiya,31
kashaf,31
garaj,31
lola,31
bozhena,31
violeta,31
khilma,31
ezhi,31
dmitirij,31
rakhima,31
yuris,31
ksenofont,31
razil,31
apollon,31
evlampiya,31
zalman,31
kharitina,31
dementij,31
saviya,31
kamilla,30
ziliya,30
sajma,30
kutdus,30
ilyuza,30
salikhzyan,30
afrikan,30
rakhimyan,30
razaliya,30
sagidulla,30
giniyat,30
zamir,30
zhanneta,30
evfaliya,30
nasim,30
telman,30
lora,30
afanasiya,30
laura,30
fedosij,30
avram,30
khabir,30
nana,30
sejran,30
bernarda,29
savvatij,29
yurii,29
gayane,29
sazida,29
alfat,29
renya,29
ustin,29
maj,29
feodora,29
bilal,29
nona,29
vilgelm,29
aziz,29
munavara,29
gajfulla,29
iolanta,29
mazgar,29
ravshan,29
fidus,29
adeliya,29
bela,29
vidadi,29
eduart,29
raya,29
gyulnara,29
mariana,29
mullakhmet,29
ilyus,29
timeryan,29
talip,28
franya,28
artashes,28
tsilya,28
ilsiyar,28
merkurij,28
kadir,28
guldar,28
anur,28
zbignev,28
ajli,28
flida,28
elman,28
flyus,28
tofik,28
zakharij,28
anar,28
dorofej,28
anelya,28
amirzyan,28
tajmuraz,28
ajdyn,28
badma,28
sokrat,28
garnik,28
dinislam,28
alek,28
akhsan,28
araik,28
mirgaziyan,28
enver,28
era,28
mirat,28
lenara,27
avraam,27
rumiya,27
gubajdulla,27
minnulla,27
ekatarina,27
martyn,27
leontina,27
leya,27
zara,27
elizoveta,27
gamir,27
manvel,27
tina,27
ervand,27
arman,27
aksan,27
gani,27
yakhya,27
minislam,27
vakha,27
gevork,27
nabi,27
ambartsum,27
tatayana,27
segrej,27
irya,27
tomash,27
valej,27
krestina,27
ramzilya,27
malika,27
gindulla,27
shakur,27
filaret,27
svelana,27
irinya,27
oktyabr,27
gabidulla,27
iraklij,27
rasilya,27
daniel,26
magafur,26
zinoviya,26
zulejkha,26
marlen,26
vakhid,26
shukhrat,26
fedosej,26
paraskeva,26
elvera,26
dmirtij,26
konkordiya,26
nasibulla,26
maja,26
felitsiya,26
bajram,26
vyachaslav,26
nakip,26
basya,26
yagafar,26
ilgar,26
imam,26
garegin,26
shafik,26
rabiga,26
sakhib,26
mullagali,26
avdej,26
ajbulat,26
abubakir,26
asker,26
adik,26
adilya,26
valerik,26
averyan,26
zalina,26
elshan,26
vagarshak,26
fagima,26
rakhilya,26
magira,25
alikhan,25
ritta,25
mazhit,25
nur,25
gazim,25
bayan,25
vitautas,25
volya,25
lukman,25
zaurbek,25
yulya,25
alfej,25
fidaris,25
rakiya,25
ivetta,25
razim,25
khalid,25
minigali,25
vladilena,25
asadulla,25
efaliya,25
galiakhmet,25
aleksnadr,25
adrej,25
ulyan,25
mamikon,25
ilfak,25
rashad,25
seogej,25
akhmat,25
nuriakhmet,25
palina,25
aleksandrina,25
garij,25
mussa,25
rafida,25
galaktion,25
nikit,24
khilda,24
lutsiya,24
mokhammad,24
safron,24
biktimir,24
dariya,24
uzbek,24
mubaraksha,24
gyuzeliya,24
lyajsyan,24
gabit,24
mekhman,24
natig,24
karine,24
kamo,24
ruzanna,24
dmitrii,24
zuzanna,24
misbakh,24
arshalujs,24
ryurik,24
venidikt,24
lejlya,24
alesej,24
yashar,24
ajzik,24
umyar,24
adip,24
rakhman,24
syuzanna,24
khanifa,24
lyudviga,24
kadriya,24
gazizyan,24
minigul,24
khusejn,23
bagrat,23
guzel,23
salman,23
elnur,23
firdavis,23
ansar,23
galiulla,23
asif,23
davlet,23
razit,23
bernard,23
shajdulla,23
emanuil,23
sadyk,23
elchin,23
vasima,23
ayup,23
givi,23
emin,23
ovanes,23
zhora,23
ejla,23
mendel,23
genoefa,23
viktorina,23
murtaza,23
garafutdin,23
arut,23
ajkaz,23
mariam,23
kavi,23
parfen,23
nazifa,23
flora,23
flarida,23
ilkham,23
magamed,23
khalil,22
petros,22
rashat,22
anzhelina,22
vafa,22
musya,22
safar,22
min,22
razifa,22
kashif,22
faik,22
sauban,22
arij,22
mirgalim,22
khakimulla,22
otari,22
arvid,22
valiakhmet,22
aminat,22
fidaliya,22
batyr,22
amiran,22
daniyar,22
sufiyan,22
khamat,22
elya,22
appolon,22
vldaimir,22
meer,22
raiza,22
minzifa,22
vagram,22
minna,22
mingali,22
fedr,22
olena,22
faig,22
nurikhan,22
kamila,22
gulchira,22
karima,22
leonilla,22
lyuza,22
aleksendr,22
vakil,22
fizuli,22
gita,22
beslan,22
tatyana,22
ester,22
aslyam,22
taslima,22
zaven,22
mirzagit,22
filyuz,22
miyassar,22
izot,22
fanir,22
nigmatulla,22
nikolaevich,22
kipriyan,22
khava,22
khamzat,22
ninel,22
vazikh,22
anfiya,22
basyr,22
gafiyat,22
izrail,22
zarifulla,22
mizkhat,21
imamutdin,21
ara,21
potap,21
alimpij,21
sabira,21
khadzhimurat,21
gulfina,21
ruf,21
khatyp,21
ajna,21
misak,21
ermil,21
gersh,21
garifzyan,21
ales,21
fira,21
khalisa,21
rinad,21
kalistrat,21
nurtdin,21
fatkhulla,21
rikhard,21
alfons,21
varfolomej,21
shajkhi,21
gabdrauf,21
varuzhan,21
gata,21
gegam,21
mokhamad,21
engel,21
oktaj,21
gabdulakhat,21
zinnatulla,21
nurlygayan,21
agafon,21
rejno,21
nil,21
zenfira,21
mingalej,21
flaris,21
gabdrakhim,20
zelimkhan,20
gamid,20
fajruz,20
setlana,20
tit,20
fedos,20
lyubomir,20
farzana,20
taskira,20
badri,20
khatima,20
nestor,20
daut,20
anastasij,20
linda,20
lejb,20
karine,20
pimen,20
ilgiza,20
mikhej,20
ilyusa,20
gustav,20
gilman,20
novomir,20
radim,20
liverij,20
melik,20
salyakh,20
lyudvik,20
dzhamil,20
alida,20
yudif,20
tengiz,20
agaron,20
ilgar,20
dayan,20
taufik,20
lyumila,20
akindin,20
ramin,20
appolinarij,20
dimtrij,20
nazhiya,20
musagit,20
khazbi,20
asma,20
erast,19
ellada,19
gibadulla,19
galya,19
zajdulla,19
galimkhan,19
ilfira,19
tkhi,19
grachik,19
feliksa,19
galima,19
khasyan,19
bibinur,19
konstatin,19
raufa,19
adil,19
milya,19
vachagan,19
kadim,19
amur,19
amiryan,19
garej,19
zakiryan,19
vilenin,19
erkin,19
masnavi,19
shagen,19
khaj,19
razmik,19
tejmuraz,19
lyuziya,19
kima,19
bakhtier,19
guliya,19
mnatsakan,19
abrar,19
salimyan,19
rafig,19
elnara,19
fajzi,19
panfil,19
ilgam,19
guzyal,19
nika,19
sargis,19
lera,19
khamida,19
seliverst,19
anait,19
fidel,19
nigmat,19
razima,19
faruk,19
ragim,19
vakif,19
sergo,19
soslan,19
mukharram,19
nagimulla,19
valetina,19
natlya,19
mukhamatnur,19
fatina,19
venir,18
sarvar,18
glyuza,18
vaginak,18
enzhe,18
nizami,18
khurmatulla,18
musavir,18
teodor,18
imametdin,18
shamsutdin,18
alfis,18
makhir,18
maisa,18
fanzil,18
mais,18
khanafi,18
norajr,18
akhiyar,18
viola,18
tomas,18
giya,18
inesa,18
naira,18
agej,18
abzal,18
evstignej,18
nazilya,18
dzhamal,18
shakirzyan,18
volodya,18
gajsha,18
fanit,18
pelagiya,18
rigina,18
filiya,18
fuad,18
lyuba,18
gavrila,18
bayazit,18
olga,18
rufat,18
mila,18
mubariz,18
mubarakzyan,18
gocha,18
stasis,18
musheg,18
gabil,18
fina,18
dzhuletta,18
nakiya,18
mukharam,18
chermen,18
nazhmudin,18
askat,18
rakhimulla,18
zinat,18
rafael,18
azgar,18
serej,18
iskra,18
zakuan,18
faris,18
natella,18
gerald,18
kliment,18
nurgalej,18
abdulakhat,18
aleksandrovna,18
artash,18
valiulla,18
elbrus,18
zina,18
mir,18
zarima,18
aldeksandr,18
nuri,18
mavlet,18
rajfa,18
valeriyan,17
temur,17
azad,17
farvaz,17
alimzhan,17
magdan,17
gera,17
abdulkadir,17
gajnislam,17
vilyam,17
alfrid,17
georg,17
yakim,17
sigizmund,17
lyana,17
aleksandor,17
akhun,17
firs,17
minniakhmet,17
mirzayan,17
zavdat,17
salimzyan,17
kornil,17
alksandr,17
azarij,17
sakina,17
slavik,17
svetalana,17
adil,17
zakarya,17
fejga,17
israfil,17
ionas,17
almas,17
dashi,17
arifulla,17
tadeush,17
maginur,17
akhmetziya,17
danusya,17
dmtrij,17
gizar,17
rafil,17
inzilya,17
fattakh,17
martemyan,17
rusalina,17
ashraf,17
bogdana,17
rena,17
vanik,17
adrian,17
valerii,17
andris,17
zajnetdin,17
bakir,17
avgustin,17
mullakhan,17
gradislava,17
ajk,17
nasib,17
sharafutdin,17
zajnap,17
dzhabrail,17
mavlyut,17
minibaj,17
ajslu,17
nizam,17
nurlan,17
yurik,17
zakhid,17
roland,17
ajsa,17
khusnutdin,16
naziba,16
avtandil,16
timerbulat,16
zinatulla,16
volodar,16
evgenya,16
shajkhutdin,16
fayagul,16
kausar,16
khadi,16
vyacheslavovich,16
pesya,16
ruzana,16
tariel,16
patimat,16
anlrej,16
dzhafar,16
beniamin,16
mokhamed,16
gajnetdin,16
mukhamat,16
khakimyan,16
tojni,16
sharipzyan,16
sevastyan,16
fan,16
syulvi,16
nuriman,16
vej,16
yanna,16
minnakhmet,16
tamazi,16
shakhin,16
ilver,16
ayub,16
ishbuldy,16
silviya,16
rafina,16
akhsarbek,16
tejmur,16
khajbulla,16
khamis,16
anaida,16
salekh,16
viliya,16
alfiya,16
rizatdin,16
firuz,16
goar,16
dorzhi,16
cergej,16
filat,16
farkhat,16
varazdat,16
shafigulla,16
polinariya,16
raviya,16
anastas,16
serezha,16
mger,16
alen,16
abbas,16
ramzan,16
radomir,16
mukhametdin,16
alibek,16
magomedrasul,16
revaz,16
zaira,16
oktyabrin,16
serge,16
sedrak,16
soltan,16
gergij,16
gajnutdin,16
igr,15
kerim,15
fatkulla,15
manuil,15
aminya,15
nugzar,15
alvira,15
imran,15
pasha,15
lajsan,15
evald,15
gafar,15
amirkhan,15
faima,15
aristarkh,15
ziyatdin,15
sajfutdin,15
favaris,15
dinaida,15
mansaf,15
genoefa,15
kozma,15
kostantin,15
firgat,15
khadyj,15
alfit,15
nursilya,15
abas,15
vagap,15
khalimulla,15
kotdus,15
khusyain,15
nionila,15
radmil,15
artush,15
ajtugan,15
ferdaus,15
rushana,15
zyama,15
gabdulbar,15
lana,15
abbyas,15
nasir,15
yagfar,15
khanna,15
erena,15
andreyan,15
zilara,15
aeksandr,15
asaf,15
ruzel,15
flyuz,15
lavr,15
kurbangali,15
arzu,15
miliya,15
sharifzyan,15
danir,15
epifan,15
roma,15
zakiulla,15
magruf,15
gayane,15
rufima,15
arefij,15
khoren,15
rafat,15
irinarkh,15
rudik,15
tselina,15
nuritdin,15
kiram,15
aurika,15
adeksandr,15
akhmatziya,15
eseniya,15
erofej,15
ramzil,15
rafael,15
malanya,15
gulmira,15
adib,15
zosya,15
minas,15
nuraniya,15
aksentij,15
inessa,15
rafael,15
namik,15
leniza,15
grisha,15
meri,14
iza,14
interna,14
novruz,14
gendrik,14
aslambek,14
nurutdin,14
tamerlan,14
dzhon,14
idiyat,14
villen,14
tair,14
magerram,14
minnakhmat,14
antip,14
algimantas,14
ferdinand,14
valenitina,14
zhaneta,14
vinir,14
mugalim,14
timerzyan,14
avetis,14
avetik,14
login,14
fatekh,14
gela,14
tsetsiliya,14
saak,14
roksana,14
arshavir,14
ilyusya,14
guram,14
dzhavid,14
marko,14
lempi,14
abudar,14
granit,14
platonida,14
shaekh,14
yusif,14
maskim,14
zemfir,14
vulf,14
artavazd,14
stella,14
magasum,14
dasha,14
virginiya,14
ralina,14
zhavdat,14
glikeriya,14
minzalya,14
nasykh,14
etibar,14
khajrutdin,14
min,14
aleksandrov,14
ramzi,14
faim,14
abrosim,14
aleksanlr,14
aneta,14
vdadimir,14
galikhan,14
radzhab,14
zimfir,14
anfinogen,14
milentij,14
anushavan,14
milan,14
aleksaej,14
zinira,14
alekej,14
abakar,14
minisa,14
lyudvika,14
fidail,14
rafkhat,14
shagidulla,14
omari,14
tansylu,14
gamil,14
kamilya,14
kontantin,14
nino,14
oliya,14
ravkat,14
filarit,14
meruzhan,14
aleks,14
gulnazira,14
mifodij,14
makim,14
severyan,13
veli,13
adlan,13
feona,13
nefed,13
izida,13
gatuf,13
leo,13
mordukh,13
mkrtich,13
viorika,13
ovik,13
fadis,13
asmik,13
fanira,13
shakiryan,13
milausha,13
alma,13
minnur,13
ilseyar,13
khalik,13
dzhanna,13
avtonom,13
fazil,13
mullakhmat,13
fakhrislam,13
abdrakhim,13
ajsha,13
ajshat,13
salikhyan,13
dzhalil,13
viktorin,13
isidor,13
virineya,13
serapion,13
firdus,13
khatira,13
bronya,13
vladiimr,13
onik,13
nasyr,13
dzhemma,13
ikram,13
galust,13
dzhejkhun,13
alij,13
dyk,13
zelda,13
khanyafi,13
mikhajlo,13
mirzanur,13
svetlan,13
firyuza,13
nasikh,13
adelsha,13
kanif,13
alfinur,13
akilina,13
ishkhan,13
iyuliya,13
rukiya,13
rifa,13
sejmur,13
daud,13
gabdelkhaj,13
tofig,13
antanina,13
khilya,13
ruza,13
ninel,13
abdrashit,13
veslava,13
timiryan,13
ilonna,13
seda,13
anush,13
minikhan,13
filyuza,13
graf,13
fliza,13
armais,13
lili,13
kir,13
miropiya,13
grach,13
radzh,13
zotej,13
shakhban,13
galyautdin,13
shamgun,13
babken,13
bato,13
tyatyana,13
ravgat,13
fakiya,13
ilfar,13
sevda,13
talkha,13
akhmetgali,13
valentinovna,13
ravza,13
mkhitar,13
damba,13
oles,13
meri,13
monika,13
khammat,13
zajtun,13
greta,13
algis,13
rozalina,13
mirgayaz,13
mustakim,13
ardalion,12
zamil,12
klarisa,12
ilvera,12
rema,12
masalim,12
shakhlar,12
avksentij,12
issa,12
abu,12
mazakhir,12
zinovej,12
olgerd,12
gataulla,12
gulnas,12
adiya,12
mugallim,12
naib,12
valinur,12
fargat,12
gerta,12
venira,12
fanavi,12
zakira,12
arevik,12
flera,12
elma,12
khakima,12
gonorata,12
manuk,12
blyuma,12
aset,12
tsitsiliya,12
rishad,12
fidaj,12
minniyar,12
nadezha,12
aramais,12
vyachelav,12
lyusena,12
yason,12
mukhlis,12
rakip,12
shaya,12
gaj,12
nurdida,12
markhaba,12
razil,12
alevtin,12
akhmetkhan,12
sagir,12
samik,12
nizamutdin,12
appolinari,12
lel,12
avkhat,12
avrora,12
karlen,12
edvin,12
valekh,12
elen,12
akhnyaf,12
bakhram,12
vilya,12
fariza,12
minakhmet,12
azret,12
elshad,12
mutagar,12
vlerij,12
aklima,12
khaled,12
egenij,12
mavlida,12
lima,12
minnegali,12
idiyatulla,12
letfulla,12
miniyar,12
agvan,12
neliya,12
natatlya,12
vazir,12
namig,12
abdurashid,12
mininur,12
alnksandr,12
vilorij,12
anastosiya,12
aldona,12
alekasandr,12
fariz,12
mikhajil,12
idiya,12
tagzima,12
fanziya,12
zulfir,12
ajgyul,12
sazhida,12
asiyat,12
khakimzyan,12
anatolii,12
medzhid,12
razyap,12
iskak,12
azgat,12
nora,12
arbi,12
eva,12
gazizulla,12
zhamil,12
mingaz,12
ziatdin,12
gabdrashit,12
sevostyan,12
marseleza,12
naina,12
shamsi,12
ilmar,12
gilemkhan,12
shlema,12
albertina,12
denislam,12
zanfira,12
raniya,12
gabdulbari,12
surik,12
donara,12
viniamin,12
nafik,12
martiros,11
zinovya,11
nazhip,11
minsalikh,11
barej,11
zariya,11
liviya,11
marya,11
irinej,11
barbara,11
maryanna,11
alekasndr,11
fagilya,11
miriam,11
norik,11
sagid,11
boleslava,11
khasya,11
fagit,11
alifa,11
bagdanur,11
ilzira,11
feodosya,11
ilyana,11
gajnan,11
mirsait,11
anatolevich,11
volf,11
milada,11
abdulkhakim,11
muzip,11
ilnara,11
sungat,11
minivali,11
araz,11
magomedshapi,11
pogos,11
vlentina,11
andryus,11
borislav,11
boguslav,11
gayas,11
minslu,11
tkhan,11
taliya,11
elzhbeta,11
kalina,11
archil,11
tsiliya,11
zot,11
khassan,11
fruza,11
alfida,11
li,11
smbat,11
alaudin,11
danat,11
minimulla,11
farikh,11
inokentij,11
giniyatulla,11
viktorovich,11
gabdulbar,11
khuzya,11
yanosh,11
dzhigansha,11
adalat,11
agapiya,11
egishe,11
muslima,11
nastasya,11
elona,11
elionora,11
tsyren,11
bela,11
minnekhan,11
gasim,11
girsh,11
zaza,11
valenina,11
agube,11
fajzulkhak,11
aleksaedr,11
sregej,11
lutfurakhman,11
filitsata,11
murshida,11
ibrakhim,11
genrieta,11
rufin,11
otar,11
bazar,11
ioanna,11
arvi,11
gilmitdin,11
merab,11
merabi,11
valid,11
gilfan,11
garaf,11
sabukhi,11
sasha,11
zugura,11
elfira,11
safiya,11
shajmulla,11
rafilya,11
lej,11
khajretdin,11
milintina,11
dagmara,11
roziya,11
nuretdin,11
milyavsha,11
ipatij,11
romazan,11
inara,11
nison,11
ilfat,11
burkhan,11
nizametdin,11
burgan,11
khioniya,11
lyutsian,11
bejlya,11
rolan,11
natik,11
ilariya,11
ekterina,11
kazim,11
shaikh,11
khazret,11
davletkhan,11
mavlyavi,11
minnisa,11
zagid,11
akhmetsha,11
sulo,11
rubin,11
zafar,11
mara,11
kashifa,10
kaspolat,10
lejzer,10
aneliya,10
makka,10
shaliko,10
lajla,10
manya,10
sagadat,10
rinata,10
vilij,10
marvan,10
vasif,10
khizri,10
bo,10
khabibula,10
valij,10
pitirim,10
khashim,10
knarik,10
astafij,10
valiya,10
marian,10
mavra,10
konstantinovich,10
khidiyat,10
vadimir,10
kyashaf,10
shavarsh,10
malka,10
makarij,10
khanafiya,10
khadiya,10
afanasya,10
anya,10
samoil,10
astkhik,10
sabirzhan,10
salikhyan,10
mamuka,10
arturas,10
ashkhen,10
konstanin,10
vavil,10
rajsya,10
koryun,10
varsenik,10
inzil,10
shapi,10
buda,10
vladimimr,10
vladimira,10
iona,10
salikha,10
kazma,10
beatrisa,10
khasanzyan,10
lyudimla,10
rafiya,10
lyutsiyan,10
lali,10
asat,10
irada,10
rajmond,10
rkiya,10
khusen,10
khatib,10
khusaen,10
kaj,10
magdanur,10
renald,10
rastislav,10
lenariya,10
khamatnur,10
melkon,10
zorik,10
sitdik,10
illariya,10
siranush,10
zumara,10
talib,10
abdulgamid,10
farrukh,10
miraida,10
iliza,10
zareta,10
farman,10
gazima,10
nuraddin,10
genuefa,10
gabdelakhat,10
abdullakh,10
fizaliya,10
nasrulla,10
zarifa,10
shafkat,10
nurmagomed,10
alima,10
zelik,10
diya,10
daba,10
dmirtrij,10
amurkhan,10
dmitij,10
minnigali,10
nasretdin,10
yagub,10
zakhir,10
minnigul,10
milanya,10
minnikhan,10
nurij,10
amiryan,10
gulsira,10
natella,10
gulsara,10
esmira,10
gilmetdin,10
movses,10
guzelya,10
ekatkrina,10
sakhap,10
gimran,10
moris,10
zhamilya,10
engelsina,10
gabil,10
susana,10
yuvinalij,10
glyus,10
failya,10
averkij,10
mugin,10
osvald,10
agnesa,10
erikh,10
srgej,10
endzhe,10
mirkhatim,10
gertrud,10
adis,10
sayakh,10
mikhalina,10
gulgina,10
mishel,10
zabira,10
evlaliya,10
mkrtych,10
evpraksiya,10
izyaslav,10
sakhiulla,10
shejna,10
sibagat,10
efimya,10
galentina,10
mindiyar,10
nurfayaz,10
nagima,10
galiaskar,10
elena,10
zubajda,10
napoleon,10
yaroslavna,10
dzhamil,10
setrak,10
minira,10
aleskej,10
anatonina,10
aleksander,10
timir,10
fakhrazi,10
felitsata,10
sharifyan,10
aleksanndr,10
fakhretdin,10
serzhik,10
dzhivan,10
yankel,10
zenovij,10
mukhametkhan,10
marita,10
galimyan,10
dekabrina,10
feruza,10
zorina,10
marine,10
markus,10
fokej,10
yasha,10
sergeej,10
gallyam,10
ilnaz,10
narine,10
nukh,10
garifyan,10
damin,10
mukharyam,10
nargiza,10
edislav,10
maris,10
aleksan,9
rufiya,9
islyam,9
saima,9
ardashes,9
nitalya,9
mikhael,9
falyakh,9
shmul,9
nifantij,9
gambar,9
gadilya,9
magomedgadzhi,9
sofron,9
madkhat,9
agneya,9
vage,9
idel,9
mubin,9
algirdas,9
efrasinya,9
glina,9
esfira,9
afimiya,9
sulamif,9
lotfulla,9
oga,9
khan,9
saitgarej,9
otto,9
zita,9
sakhab,9
maksum,9
magsumzyan,9
filza,9
tsyrendorzhi,9
sajda,9
edgard,9
ivanovich,9
gamzat,9
anuar,9
rufim,9
ibraj,9
soniya,9
zubair,9
fikret,9
vardges,9
garafi,9
eldar,9
fauzi,9
malikh,9
zarya,9
gayazetdin,9
elvi,9
sagdat,9
fatej,9
khak,9
ajnura,9
zauri,9
fatkulbayan,9
zakhit,9
asatur,9
magalim,9
varlam,9
olimpij,9
akmal,9
sevindzh,9
akakij,9
gajfutdin,9
nurmukhamed,9
sevil,9
shaban,9
miloslav,9
vasilii,9
zelman,9
sira,9
eldaniz,9
gamil,9
anyuta,9
zait,9
adolfina,9
mirsaet,9
minigalej,9
mirra,9
gazizyan,9
minigayan,9
onega,9
zajnutdin,9
majram,9
galib,9
galiakhmat,9
zakirzyan,9
genri,9
saet,9
neli,9
ragib,9
salam,9
askarbij,9
zimfera,9
nurgayaz,9
nurgayan,9
shajmardan,9
khalilulla,9
minshakir,9
mikael,9
aliftina,9
shajkhinur,9
gajzulla,9
sharifa,9
intigam,9
betya,9
dorzho,9
dordzhi,9
illona,9
ilmir,9
dominik,9
mukhametgalej,9
mukhametgali,9
dmtirij,9
amos,9
benik,9
benedikt,9
tarlan,9
samed,9
vcheslav,9
vusal,9
dugar,9
ulita,9
saliya,9
rakhmat,9
evdakiya,9
gulzigan,9
khasyan,9
abdulkhan,9
abdulkhalik,9
gulnisa,9
maulida,9
akhtam,9
shamsudin,9
ameliya,9
salma,9
abdulkerim,9
rakhimyan,9
shamsulla,9
mukhadin,9
polya,9
dmitri,9
yaguda,9
bekkhan,9
larion,9
nazmutdin,9
anaton,9
marksina,9
khisam,9
dzhamshed,9
pimon,9
andre,9
nadezhla,9
dzhalil,9
timeryan,9
dzhalal,9
mariyan,9
deomid,9
dzhavad,9
latfulla,9
bakhruz,9
rinchin,9
davletsha,9
masabikh,9
davit,9
mukhametnur,9
davletbaj,9
khusej,9
samira,9
tural,9
krikor,9
perfil,9
lejli,9
dilshod,9
yamilya,9
leva,9
krasnoslav,9
gulgena,9
iliya,9
alberta,9
malkhaz,9
raulya,9
izya,9
makharbek,9
ngok,9
saul,9
alfret,9
ekim,9
mukatdas,9
khasanbi,9
ruzalin,9
neonilla,9
egish,9
mullagalej,9
makhiyan,9
akhmatnur,9
sasun,9
innessa,9
panna,9
akhmatkhan,9
muzafar,9
mukarama,9
liniza,9
fazylyan,9
sumbat,9
fazulla,9
biktimer,9
romas,9
iskandyar,8
dzhavdat,8
garun,8
minegul,8
arian,8
afgan,8
sadrislam,8
aukhat,8
garold,8
garma,8
konstantsiya,8
mukhametsha,8
kashfulla,8
suan,8
nikoalj,8
afzal,8
nurfaiz,8
yamgutdin,8
yamignur,8
sadofij,8
timirkhan,8
mordko,8
elli,8
roald,8
mukhametzyan,8
minej,8
sadaj,8
varsanofij,8
varsonofij,8
mukhametzaki,8
magarif,8
zdislava,8
neli,8
dzhavanshir,8
bagaudin,8
rival,8
agasi,8
magdalena,8
bolislav,8
akzam,8
lin,8
nadzheda,8
dibir,8
avkhadi,8
afinogen,8
albert,8
batyrbek,8
fevronya,8
suliko,8
ejvaz,8
timergalej,8
ovich,8
minzakir,8
larina,8
fais,8
khisamutdin,8
server,8
aftakh,8
israpil,8
karo,8
batomunko,8
dzhambul,8
rimantas,8
zif,8
liyana,8
rival,8
khristinya,8
naliya,8
aksiniya,8
zigansha,8
shadi,8
krestinya,8
serop,8
bair,8
khikmatulla,8
fazit,8
armine,8
fadi,8
timirbaj,8
dzhoni,8
temuri,8
borukh,8
hatalya,8
neliya,8
daniyal,8
rushat,8
dmitriij,8
ntalya,8
lyuli,8
engelina,8
lejsan,8
rakhimzhan,8
tsezar,8
envar,8
adelya,8
kiryan,8
miriya,8
georgi,8
devid,8
bibisara,8
lilya,8
ruf,8
tabris,8
agop,8
lyabib,8
khasanbij,8
mirdza,8
abdulkadyr,8
nurbij,8
zalimkhan,8
bilyal,8
ataulla,8
elnar,8
abdurakhim,8
zavdyat,8
gizitdin,8
zagida,8
gizatulla,8
erdni,8
akhmetzaki,8
khasiyatulla,8
rema,8
rafisa,8
zagira,8
niyazi,8
yunis,8
lyubmila,8
nodar,8
evgrafij,8
miryam,8
nafisya,8
murtazali,8
akhmetsafa,8
mirkhat,8
solomeya,8
mirsayaf,8
nurgalij,8
kiyametdin,8
silvestr,8
syao,8
donata,8
agliulla,8
mavli,8
rajkhan,8
domnikiya,8
guzel,8
domenika,8
elver,8
rogneda,8
rufa,8
minnula,8
dorzhej,8
elchin,8
mavliya,8
vano,8
agil,8
fatikha,8
minnislam,8
misha,8
agil,8
mojsej,8
zhafyar,8
rostom,8
farkhulla,8
kiyamutdin,8
avinir,8
gulya,8
asim,8
valimukhamet,8
zhores,8
farrakh,8
zaman,8
gulam,8
sirina,8
nurej,8
valit,8
taliga,8
valter,8
lutfrakhman,8
gelnur,8
ajvaz,8
talgat,8
tamaz,8
ajgiz,8
nata,8
rachik,8
geliya,8
minkhan,8
sagida,8
nurali,8
razhap,8
vladas,8
madin,8
anzhej,8
floris,8
anfeya,8
manana,8
gabriel,8
khadzhi,8
vesta,8
milda,8
foka,8
feofil,8
makism,8
khadis,8
ilza,8
gadiya,8
anastiya,8
matrena,8
poliekt,8
araksiya,8
purbo,8
gakif,8
shajkhenur,8
sardion,8
vyajno,8
salman,8
ostap,8
flavij,8
sajfi,8
gabdelkhak,8
vyachislav,8
minadora,8
vilor,8
appolinarya,8
gadelzyan,8
sakhabutdin,8
maksud,8
filzya,8
firudin,8
orudzh,8
salimulla,8
milaniya,8
svetozar,8
vilayat,8
peter,8
andron,8
invir,8
apti,8
mekhmet,8
sveta,8
sherali,8
galimzhan,8
gabdulkhamit,8
rabis,8
polievkt,8
majsara,8
sharaf,8
sattar,8
andreas,8
vladimslav,8
zosima,8
allakhverdi,8
firaya,8
mileusha,8
salakh,8
mechislava,8
anatoij,8
mardan,8
vladimer,8
svtelana,8
gabdula,8
pantilej,8
anfis,8
martik,8
zotik,8
erina,7
ginda,7
aues,7
fajlas,7
palageya,7
lom-ali,7
gilyazetdin,7
fazylzyan,7
fajma,7
avzal,7
gombo,7
longin,7
khaniya,7
vile,7
magruj,7
medkhat,7
nikalaj,7
lorina,7
alvidas,7
khanafij,7
karimulla,7
ochir,7
sulpan,7
idaliya,7
eteri,7
fajzelgayan,7
gabib,7
safura,7
etya,7
malgozhata,7
zhana,7
agrofena,7
stas,7
lyusiya,7
kamel,7
zaid,7
enna,7
valenitna,7
anfisiya,7
anfisya,7
fikrat,7
fanuzya,7
onufrij,7
gazi,7
ramzes,7
viktoras,7
adel,7
snrgej,7
nikhama,7
zajnula,7
mirina,7
zajtunya,7
emir,7
majra,7
sabiryan,7
emilij,7
zakizyan,7
mirzakhan,7
genrieta,7
azgam,7
zakiryan,7
marin,7
salakhutdin,7
mikhal,7
aglaya,7
vazit,7
zhirajr,7
vadut,7
aglulla,7
vazha,7
chao,7
gadel,7
rano,7
ranif,7
gilmulla,7
gadelsha,7
atlas,7
shmavon,7
altaj,7
adalet,7
lyudila,7
gadzhimagomed,7
sayar,7
iolij,7
sofa,7
lyubomira,7
kanzafar,7
kanafi,7
zabikh,7
lyuda,7
gizetdin,7
rychard,7
vikul,7
anfim,7
nekhama,7
grunya,7
kakhaber,7
muzaffar,7
dzhuma,7
vladiir,7
shaura,7
revmira,7
yamil,7
vladiimir,7
kornelij,7
dilovar,7
damdin,7
rifmir,7
daler,7
andrrej,7
reveka,7
davud,7
imamgali,7
yazilya,7
bagdasar,7
bagautdin,7
iman,7
fruma,7
florentina,7
tao,7
rashidya,7
yavat,7
nasikha,7
flegont,7
mukhamedzhan,7
dondok,7
manushak,7
volodimir,7
anatoli,7
khikmet,7
lajlya,7
kyamran,7
marionilla,7
deonis,7
marite,7
nazarij,7
rivgat,7
vlalimir,7
baldan,7
renart,7
basir,7
dzhamaldin,7
dzhambulat,7
ilsiya,7
batraz,7
mushfig,7
anvarbek,7
franko,7
batyrkhan,7
rejngold,7
landysh,7
bajras,7
rezo,7
hikolaj,7
dzhemal,7
myasum,7
naim,7
bakhodir,7
latyp,7
leodor,7
dorzha,7
mukhamatkhan,7
elikanida,7
inzira,7
makhach,7
rostam,7
rafiga,7
abil,7
kharun,7
paramon,7
bislan,7
yulduz,7
favadis,7
nejlya,7
valida,7
yuj,7
ruvin,7
abzaltdin,7
mamduda,7
abulfat,7
gabdulgani,7
nenila,7
mukatdis,7
ruzal,7
palmira,7
anri,7
saule,7
khao,7
avangard,7
muzayana,7
ansaf,7
rafiz,7
akhmetgalej,7
tamar,7
khatuna,7
abdulbari,7
talya,7
gurami,7
natali,7
talina,7
vyacheslava,7
talekh,7
ilira,7
abdulgani,7
salyakhutdin,7
lernik,7
matlab,7
ulugbek,7
natela,7
viorel,7
abdullazyan,7
mutigulla,7
ingrida,7
liba,7
abdulkhamit,7
yunona,7
tszin,7
yunna,7
shayakhmet,7
akhmetsultan,7
evgennij,7
aniya,7
evelina,7
ipat,7
balzhinima,7
minnigalej,7
alentina,7
khadycha,7
apoleniya,7
faukat,7
arakel,7
elzida,7
alimbek,7
fatkhi,7
zamilya,7
edit,7
ziganur,7
shagali,7
zejnab,7
minnimukhamet,7
savvatej,7
ejnar,7
olgert,7
siren,7
saitgaraj,7
khadimulla,7
zorya,7
akaki,7
saetgali,7
minegali,7
fakhraddin,7
khaziakhmet,7
kavij,7
gelios,7
fakhrazyj,7
aliulla,7
mavlit,7
apoloniya,7
shajsultan,7
khadiulla,7
saitgali,7
vechislav,7
alekesandr,7
faskhutdin,7
edurd,7
ferapont,7
fatma,7
fassakh,7
gaffan,7
minnebaj,7
akob,7
ishmurat,7
zuliya,7
radimir,7
khalaf,7
sibgatulla,7
nurzida,7
alenksandr,7
fatkhrakhman,7
svirid,7
sagdulla,7
aleksaendr,7
ariada,7
ardash,7
aik,7
zulfiya,7
feya,7
mirali,7
aladdin,7
svetlanan,7
ziryak,7
severin,7
arvo,7
majkl,7
khazip,7
mingata,7
silantij,7
argentina,7
shushanik,7
ismagil,7
gajnitdin,7
migran,7
alksej,7
irakli,7
fakhri,7
fakhrulla,7
shajkhnur,7
zalfira,7
vieno,7
tekusa,6
abidulla,6
ervant,6
fazil,6
yuliyana,6
makhbuba,6
raina,6
tokhir,6
evnenij,6
zelma,6
araksya,6
ketevan,6
gamza,6
gatiyat,6
biruta,6
aleksakndr,6
ogannes,6
romeo,6
dianna,6
shevket,6
evtikhij,6
mazgut,6
kakha,6
rauziya,6
bimba,6
madaniya,6
andres,6
takhmina,6
danata,6
khasansha,6
kafiya,6
inzir,6
varlen,6
khadit,6
elfiya,6
gabdrakip,6
sibagatulla,6
parviz,6
alesksandr,6
vintsent,6
khasanbek,6
olimpiya,6
uruzmag,6
fetinya,6
abumuslim,6
kelsij,6
guzyal,6
nerses,6
abugali,6
enok,6
grajr,6
elikonida,6
vinidikt,6
pen,6
anatasiya,6
raushanya,6
fotej,6
leana,6
teklya,6
abutalib,6
fagil,6
mullagalij,6
mullabaj,6
vartanush,6
rafagat,6
lbdmila,6
ruzhena,6
vartkes,6
severina,6
varteres,6
minnibaj,6
aleksadra,6
dikran,6
raufat,6
verner,6
fatkhlislam,6
khikmat,6
kharras,6
yuldash,6
daniel,6
danif,6
abo,6
ekateriea,6
artamon,6
bakhshi,6
abubakar,6
izobella,6
elezaveta,6
fotij,6
kevork,6
israil,6
vinira,6
faddej,6
zejnal,6
danna,6
vinaris,6
fyarit,6
evgenevna,6
evenij,6
bek,6
serik,6
gusen,6
ina,6
ditrij,6
abdulakh,6
tatarkan,6
peraskoviya,6
khafis,6
leongina,6
yussef,6
paul,6
minakhmat,6
peraskovya,6
praskoviya,6
vram,6
abdallakh,6
mukhamadulla,6
yuriya,6
leonina,6
madlena,6
tukhvat,6
dionisij,6
talibulla,6
natal,6
davli,6
fakhim,6
ilina,6
marfuga,6
in,6
vitas,6
sergj,6
zubarzhat,6
maskur,6
dmitrmj,6
marvar,6
kommunar,6
fluza,6
vitoriya,6
gyulnaz,6
dmitirj,6
rovza,6
ejyub,6
khussejn,6
tarana,6
gans,6
dmiitrij,6
ganij,6
tyune,6
flor,6
aya,6
madinat,6
ayur,6
mukhamedsha,6
dominika,6
flur,6
bekir,6
zubarzyat,6
flura,6
rashel,6
vrezh,6
venyamin,6
natalya,6
saribek,6
shi,6
naufal,6
tafik,6
tazret,6
akhmetsharif,6
mukharryam,6
arastun,6
ilzida,6
kirej,6
sardar,6
shamsiya,6
zinon,6
tszin,6
evgenevich,6
amazasp,6
ishbulat,6
iksan,6
lika,6
shajmukhamet,6
gulguna,6
mafruza,6
shamsinur,6
tagira,6
nakhim,6
dilbar,6
maftukha,6
bikmukhamet,6
alikram,6
garifyan,6
kontstantin,6
gulnafisa,6
zigangir,6
konstontin,6
zokhrab,6
mukhametyan,6
olbga,6
nataya,6
narkiz,6
garabi,6
tsvetana,6
ingel,6
abdull,6
kifaya,6
gabdelbari,6
mutygulla,6
reval,6
sarvartdin,6
mukharbek,6
tajba,6
taif,6
gulsiya,6
mingazetdin,6
dyudmila,6
khatim,6
badertdin,6
visilij,6
parfentij,6
mukhammat,6
eleanora,6
taip,6
khurshed,6
anetta,6
elfir,6
goratsij,6
khamed,6
gejdar,6
nurzilya,6
vlvdimir,6
sirazhutdin,6
timersha,6
nurzigan,6
ramiya,6
vlasta,6
zavil,6
gadir,6
sos,6
kamran,6
filaris,6
asma,6
shakro,6
alif,6
renal,6
valntina,6
yaudat,6
sayaf,6
fikus,6
fanzir,6
sangadzhi,6
kamiliya,6
frantsiska,6
metin,6
mariyam,6
faniz,6
adiba,6
ola,6
ramuald,6
nmkolaj,6
asan,6
olng,6
svelana,6
aglya,6
alisultan,6
gilda,6
ilyaz,6
nurida,6
falikh,6
orkhan,6
gvidon,6
nurziya,6
dzhamalutdin,6
yasavij,6
vildan,6
altaf,6
zulkhiza,6
nadazhda,6
islamgali,6
minsulu,6
magsuma,6
famil,6
apollinarij,6
nirsa,6
mavletbaj,6
fanavis,6
batarbek,6
gadi,6
nazima,6
kanzel,6
askhad,6
kazi,6
bator,6
emmiliya,6
miralda,6
geogrij,6
nazhib,6
gazis,6
miras,6
lyutsiana,6
nazaket,6
khalimya,6
kajrat,6
fardat,6
genrikha,6
salambek,6
iskender,6
lyutsyna,6
ramazi,6
mirzagali,6
olya,6
mziya,6
aslam,6
nuradin,6
sanan,6
ragida,6
andej,6
dzhabir,6
rza,6
farziya,6
kutuz,6
azis,6
reshat,6
majrbek,6
vika,6
shajkhitdin,6
farakh,6
kamalutdin,6
nadyr,6
mekhdi,6
nodari,6
kamaletdin,6
asel,6
salakhetdin,6
timirgali,6
kurman,6
shtefan,6
iranda,6
kalisa,6
mirsalikh,6
faragat,6
timirzyan,6
zygmund,6
khristiniya,6
gerbert,6
valeri,6
selivan,6
zolya,6
lyulmila,6
zajni,6
asrar,6
zajnitdin,6
ragif,6
ragip,6
lyusik,6
fidarit,6
veneamin,6
ibatulla,6
kavej,6
bakrat,6
tsyden,6
aflyakh,6
anatoliya,6
salimzhan,6
hadezhda,6
glimkhan,6
ellona,6
etel,6
timer,6
polad,6
suliman,6
ilkin,6
ksenya,6
fajvel,6
irida,6
antonas,6
sulajman,6
lara,6
magfuryan,6
paata,6
fida,6
safon,6
rimas,6
medina,6
marsil,6
girfan,6
vilgelmina,6
kavsar,6
arusyak,6
dvejra,6
glyusya,6
sultangali,6
avedis,6
gor,6
sungatulla,6
vladimi,6
runar,6
kasyan,6
mugtasim,6
artyush,6
vilyur,6
raudat,6
tsolak,6
sun,6
kasum,6
khajrula,6
paisij,6
golda,6
vilsur,6
rezvan,6
tom,6
rasykh,6
khani,6
minnigarej,6
zulfar,6
minzigan,6
igro,6
nabij,6
fatma,6
debora,6
tarkhan,6
feoniya,6
tsyrenzhap,6
dzhangir,6
ivar,6
filosof,6
tovij,6
gafuryan,6
gilminur,6
gilya,6
lukoyan,6
aurel,6
minzagit,6
lala,6
agdas,6
ziyafat,6
gashik,6
alis,6
sharafetdin,6
chong,6
vanifatij,6
karibulla,6
karalbi,6
lusik,6
fajzelkhak,6
nikola,6
nazym,6
villi,6
shajkhetdin,6
milavsha,6
delara,6
lusegen,6
fajzulgayan,6
radamir,6
marek,6
vldadimir,5
fotina,5
dimitr,5
faya,5
ismat,5
galik,5
khazej,5
diyana,5
zirina,5
san,5
riyan,5
korolina,5
bakhman,5
rinal,5
refat,5
velentina,5
teofiliya,5
reya,5
ilyana,5
imant,5
gyunduz,5
vladimiir,5
iren,5
dariko,5
feofila,5
vtalij,5
islamnur,5
viulen,5
riks,5
vladim,5
beksultan,5
khilma,5
vseslav,5
ilkhamiya,5
dzhemali,5
beata,5
baris,5
bassam,5
khelvi,5
din,5
tuktar,5
ilgina,5
davlyatsha,5
kuan,5
rigat,5
baurzhan,5
timirgalej,5
khaernas,5
sandra,5
dilyafruz,5
vatslovas,5
rimat,5
dzhanik,5
vlasij,5
galimzan,5
fedan,5
tatyanya,5
galimardan,5
semigulla,5
khizir,5
davlatbek,5
beba,5
vmktor,5
khazij,5
dang,5
dzhakhid,5
khelena,5
rimm,5
tatyana,5
zinoida,5
khazib,5
danute,5
dionis,5
ril,5
fejzrakhman,5
francheska,5
khazyar,5
sanasar,5
imad,5
beglar,5
sazon,5
zoryana,5
isuf,5
uruspi,5
khvicha,5
igor,5
khanan,5
rustik,5
gissa,5
gabriel,5
girsha,5
gafiulla,5
khajyam,5
vagid,5
sajfetdin,5
fajzula,5
iveta,5
gavgar,5
fajzullo,5
rusudan,5
fajzylgayan,5
gimaj,5
khabibyan,5
ruta,5
zulkhabira,5
filus,5
zhigansha,5
gashim,5
iov,5
khamil,5
gilmi,5
salimgarej,5
fatkul,5
sakhi,5
fatkula,5
salimkhan,5
erem,5
rumil,5
budimir,5
ermak,5
sunagat,5
fazlyj,5
khanifya,5
sagman,5
idiliya,5
gajnikamal,5
sagityan,5
goderdzi,5
gaugar,5
gabdurakhman,5
karen,5
svtlana,5
busya,5
glyusa,5
khabiba,5
vilma,5
zakhida,5
rustambek,5
fatkulislam,5
sajran,5
zaudin,5
iozas,5
saulyus,5
zamil,5
valentinas,5
saadat,5
geronim,5
fidaniya,5
germogen,5
sveilana,5
zyya,5
sodnom,5
kalim,5
gazanfar,5
irana,5
zurabi,5
viktar,5
slavyana,5
fariya,5
zufer,5
zakirya,5
gazimzyan,5
gennnadij,5
gazimagomed,5
slavamir,5
gennadevich,5
faridya,5
valizyan,5
gennadiya,5
viktoroiya,5
faruza,5
kaprel,5
gershen,5
khabrakhman,5
srur,5
zhuj,5
zarrina,5
filip,5
gilman,5
sokhrab,5
khakimyan,5
gevond,5
gilim,5
satsita,5
fasikh,5
zabit,5
viveya,5
zyamil,5
vigen,5
gajdar,5
gadyj,5
khambal,5
vida,5
fanida,5
gia,5
zagrutdin,5
khamatkhan,5
sona,5
eredzhib,5
ruzida,5
serdar,5
inal,5
gumyar,5
klaus,5
ikhsan,5
besik,5
zigfrid,5
khajbrakhman,5
khajbula,5
betal,5
samad,5
ullubij,5
zuzana,5
itsko,5
iles,5
vitali,5
zigangarej,5
garafetdin,5
umarali,5
zuj,5
ilgizar,5
iroida,5
ilga,5
gulsima,5
firkhat,5
kirsan,5
taib,5
klementina,5
gurban,5
kirril,5
khatskel,5
komintern,5
gyulnar,5
vet,5
sapar,5
tarek,5
kolya,5
ilfir,5
bentsian,5
bentsion,5
ven,5
tansulpan,5
domenik,5
domnika,5
fler,5
khacheres,5
vafir,5
samara,5
tamilla,5
vafi,5
khady,5
galiakbar,5
illiodor,5
dorian,5
vatislav,5
inaida,5
gulnora,5
indus,5
fazaliya,5
ronald,5
gabdul,5
irkin,5
kharlam,5
rubik,5
ekatnrina,5
fatkhij,5
bogos,5
izil,5
elistrat,5
eliferij,5
sysoj,5
gretta,5
zduard,5
grachya,5
fagimya,5
suyumbika,5
kharas,5
gabdullazyan,5
fagiya,5
khajri,5
gatif,5
fiona,5
kashafutdin,5
zbyslav,5
fazail,5
ustina,5
urshulya,5
gulnira,5
zulikhan,5
fej,5
kirim,5
ilach,5
zenfir,5
eaterina,5
khajdyar,5
tazkira,5
evangelina,5
evgenii,5
gabdelbari,5
zulajkha,5
rolf,5
gulzhan,5
feruz,5
uraz,5
tagirzyan,5
evegnij,5
evel,5
sarim,5
uraliya,5
gulbanu,5
urkiya,5
romil,5
ikar,5
gulira,5
safarali,5
konsuella,5
razhden,5
naris,5
minvali,5
rajmund,5
akhmetyan,5
revgat,5
rakhila,5
adigam,5
shakira,5
mukhammed,5
revener,5
miftakh,5
adi,5
mavlyuda,5
minaj,5
alidzhan,5
ravkhat,5
ledya,5
nikhat,5
evilina,5
mingazh,5
namsaraj,5
adizyan,5
murzabek,5
alekskj,5
rajvo,5
anfas,5
anfilofij,5
rastyam,5
alempiada,5
akhliman,5
shakiryan,5
abdulakhat,5
poliekt,5
minnegaraj,5
raziyat,5
makarim,5
mingalij,5
anedrej,5
aleftin,5
lotfi,5
mullazyan,5
minnemukhamat,5
armenui,5
murzagali,5
shaginur,5
nanna,5
mukhsin,5
akhmadej,5
mavletyan,5
rasimya,5
lilian,5
minniakhmat,5
chingis,5
adalyat,5
aureliya,5
akhmadi,5
shajkhlislam,5
anvyar,5
markar,5
markian,5
elisa,5
mavlij,5
shagida,5
mullagayan,5
armas,5
abulgas,5
mareta,5
nargiz,5
adelzyan,5
alimagomed,5
revmir,5
magnavi,5
shajkhulislam,5
mavlikha,5
badrudin,5
olimzhon,5
marik,5
marika,5
badrutdin,5
andzhelika,5
alekskandr,5
okasana,5
aflatun,5
mamiya,5
abisal,5
mirkasim,5
adkham,5
anotolij,5
lenya,5
pyurvya,5
lokman,5
lolij,5
mirsagit,5
mukhametzakir,5
shavali,5
razyya,5
aldona,5
minigalim,5
mirsaid,5
munirya,5
ovakim,5
yulen,5
albina,5
magzum,5
nukhim,5
elata,5
arpenik,5
antonio,5
alaa,5
yavit,5
leri,5
nokhim,5
rabiya,5
akhunyan,5
shavket,5
shamsaddin,5
antanida,5
ashok,5
antanas,5
raik,5
yavgar,5
nasiba,5
aleeksandr,5
elektron,5
alej,5
minzada,5
azal,5
lecha,5
minekhan,5
narmina,5
mukhamatsha,5
aleksanrd,5
abdulaziz,5
rauzilya,5
animaisa,5
mannaf,5
nuryj,5
minetdin,5
alekse,5
pranas,5
magaram,5
raifa,5
prokop,5
elgudzha,5
munib,5
baba,5
aksenya,5
ovsej,5
ovsep,5
alekksandr,5
nasrtdin,5
tsybik,5
aleksaandr,5
minziya,5
adonis,5
aleksaj,5
aleksanda,5
anif,5
akseniya,5
akhkiyam,5
minzarif,5
minzaki,5
alita,5
mukhametvali,5
mikola,5
paulina,5
liparit,5
alvian,5
yuna,5
musalim,5
ekhtibar,5
abdulnasir,5
nigina,5
nikopaj,5
nurgata,5
natela,5
shajnur,5
mugambar,5
shikar,5
ajkanush,5
matevos,5
navruz,5
shirvan,5
akhmatzaki,5
ero,5
nigamat,5
alkhas,5
akhmatgali,5
ramaj,5
agzamutdin,5
lajma,5
lyutsiyana,5
avel,5
tszyun,5
naila,5
mojsha,5
ofeliya,5
aslakh,5
razak,5
magomedali,5
nilla,5
nigmatzyan,5
nuriazdan,5
amerkhan,5
kyaram,5
etlya,5
avtomon,5
nazik,5
maulit,5
alfer,5
nadim,5
pankratij,5
akhmedaga,5
shaig,5
magomedsharip,5
minkhair,5
nazhezhda,5
avkhadej,5
alfonsas,5
makhasim,5
motel,5
kyarim,5
nazmi,5
elgina,5
shigap,5
nazmetdin,5
pajlak,5
asta,5
palladij,5
ramzis,5
nikolaev,5
mubaryak,5
madis,5
abdumalik,5
magfur,5
yasin,5
nazirya,5
avrum,5
alfarit,5
arip,5
amit,5
orysya,5
alovsat,5
nurgaziz,5
yumabaj,5
apolon,5
aval,5
rezyap,5
lusine,5
yanko,5
elma,5
alma,5
allyam,5
mnir,5
tsin,5
allina,5
latif,5
agrafina,5
abel,5
chimit,5
mirgaziz,5
yanika,5
murman,5
rasida,5
apolinarij,5
petro,5
abutalip,5
alkeksandr,5
muksin,5
piama,5
lukeriya,5
mikail,5
markha,5
mnira,5
nima,5
aris,5
mera,5
lutfirakhman,5
agli,5
shajkhelislam,5
nairi,5
anantolij,5
yuan,5
baki,5
akhmetvali,5
